time,precip_mm_day
2000-01-01,0.0
2000-01-02,0.04053116
2000-01-03,0.04196167
2000-01-04,0.02336502
2000-01-05,0.27656555
2000-01-06,0.011444092
2000-01-07,0.0
2000-01-08,0.0
2000-01-09,0.0019073486
2000-01-10,0.046253204
2000-01-11,0.18501282
2000-01-12,0.4491806
2000-01-13,0.46634674
2000-01-14,0.0
2000-01-15,0.0
2000-01-16,0.00047683716
2000-01-17,0.06818771
2000-01-18,0.0
2000-01-19,1.5258789
2000-01-20,0.00047683716
2000-01-21,0.0
2000-01-22,0.01335144
2000-01-23,0.0076293945
2000-01-24,0.0
2000-01-25,0.02670288
2000-01-26,0.0
2000-01-27,0.0
2000-01-28,0.0
2000-01-29,0.0
2000-01-30,0.0
2000-01-31,0.0
2000-02-01,0.0038146973
2000-02-02,0.0
2000-02-03,0.042915344
2000-02-04,0.02336502
2000-02-05,0.0
2000-02-06,0.0009536743
2000-02-07,0.0
2000-02-08,0.0
2000-02-09,0.0
2000-02-10,0.38433075
2000-02-11,0.0
2000-02-12,0.3771782
2000-02-13,0.0
2000-02-14,0.0014305115
2000-02-15,1.3365746
2000-02-16,0.0009536743
2000-02-17,0.20647049
2000-02-18,0.09918213
2000-02-19,0.0052452087
2000-02-20,0.002861023
2000-02-21,0.0
2000-02-22,0.0
2000-02-23,1.8339157
2000-02-24,0.0023841858
2000-02-25,3.1294823
2000-02-26,0.0019073486
2000-02-27,0.0
2000-02-28,0.0
2000-02-29,0.0
2000-03-01,0.0
2000-03-02,0.0
2000-03-03,0.0
2000-03-04,0.0
2000-03-05,0.0
2000-03-06,0.10919571
2000-03-07,0.0
2000-03-08,0.12540817
2000-03-09,2.3503304
2000-03-10,0.0009536743
2000-03-11,0.0
2000-03-12,0.037670135
2000-03-13,0.0
2000-03-14,0.0
2000-03-15,0.0
2000-03-16,0.0
2000-03-17,0.0
2000-03-18,0.27656555
2000-03-19,0.0
2000-03-20,0.0
2000-03-21,0.011444092
2000-03-22,0.0
2000-03-23,0.0
2000-03-24,0.26988983
2000-03-25,0.0
2000-03-26,0.0
2000-03-27,0.034809113
2000-03-28,0.0
2000-03-29,0.0
2000-03-30,0.0
2000-03-31,0.0
2000-04-01,0.0009536743
2000-04-02,0.0
2000-04-03,0.13542175
2000-04-04,0.0
2000-04-05,0.43821335
2000-04-06,0.0
2000-04-07,0.084877014
2000-04-08,0.0
2000-04-09,0.0
2000-04-10,0.0
2000-04-11,0.21123886
2000-04-12,0.0
2000-04-13,0.15687943
2000-04-14,0.09679794
2000-04-15,1.5778542
2000-04-16,0.41151047
2000-04-17,0.022411346
2000-04-18,0.00047683716
2000-04-19,1.2435913
2000-04-20,0.94747543
2000-04-21,0.0
2000-04-22,0.0
2000-04-23,0.0
2000-04-24,0.0
2000-04-25,0.0
2000-04-26,0.0
2000-04-27,0.0
2000-04-28,0.0
2000-04-29,0.0
2000-04-30,0.0
2000-05-01,0.0038146973
2000-05-02,0.0
2000-05-03,0.0
2000-05-04,0.0
2000-05-05,0.0
2000-05-06,0.0
2000-05-07,0.027179718
2000-05-08,0.97846985
2000-05-09,0.0
2000-05-10,0.47636032
2000-05-11,0.35715103
2000-05-12,0.0
2000-05-13,0.0
2000-05-14,0.0
2000-05-15,0.0
2000-05-16,1.5306473
2000-05-17,0.5221367
2000-05-18,0.9689331
2000-05-19,0.0
2000-05-20,0.0
2000-05-21,0.13828278
2000-05-22,0.3437996
2000-05-23,0.00047683716
2000-05-24,0.0
2000-05-25,0.0
2000-05-26,0.0
2000-05-27,1.6999245
2000-05-28,0.26798248
2000-05-29,0.00047683716
2000-05-30,0.20217896
2000-05-31,0.07390976
2000-06-01,1.4772415
2000-06-02,0.0
2000-06-03,0.0
2000-06-04,2.482891
2000-06-05,0.00047683716
2000-06-06,0.0
2000-06-07,0.0
2000-06-08,0.0
2000-06-09,0.0
2000-06-10,0.34236908
2000-06-11,0.0
2000-06-12,0.0
2000-06-13,0.005722046
2000-06-14,1.5964508
2000-06-15,0.0
2000-06-16,0.0019073486
2000-06-17,0.09918213
2000-06-18,0.00667572
2000-06-19,0.41151047
2000-06-20,3.1003952
2000-06-21,0.006198883
2000-06-22,0.0014305115
2000-06-23,0.01001358
2000-06-24,0.0
2000-06-25,0.0042915344
2000-06-26,1.1191368
2000-06-27,0.0009536743
2000-06-28,0.07581711
2000-06-29,0.0
2000-06-30,0.00047683716
2000-07-01,0.0
2000-07-02,0.16832352
2000-07-03,0.0
2000-07-04,0.07915497
2000-07-05,0.055789948
2000-07-06,0.04196167
2000-07-07,0.30183792
2000-07-08,0.059127808
2000-07-09,0.042915344
2000-07-10,0.002861023
2000-07-11,0.0
2000-07-12,0.20933151
2000-07-13,0.031471252
2000-07-14,0.0
2000-07-15,0.0
2000-07-16,0.078201294
2000-07-17,0.0
2000-07-18,0.10538101
2000-07-19,0.0038146973
2000-07-20,0.0
2000-07-21,0.005722046
2000-07-22,0.030517578
2000-07-23,0.002861023
2000-07-24,0.0
2000-07-25,0.49304962
2000-07-26,0.101566315
2000-07-27,0.09059906
2000-07-28,0.14066696
2000-07-29,0.0076293945
2000-07-30,0.05054474
2000-07-31,0.0
2000-08-01,0.0
2000-08-02,0.0
2000-08-03,0.0
2000-08-04,0.024795532
2000-08-05,0.9441376
2000-08-06,0.059127808
2000-08-07,0.123500824
2000-08-08,0.045776367
2000-08-09,0.0
2000-08-10,0.0
2000-08-11,0.0
2000-08-12,0.0
2000-08-13,0.00047683716
2000-08-14,0.0052452087
2000-08-15,0.0
2000-08-16,0.0
2000-08-17,13.962269
2000-08-18,0.0
2000-08-19,0.0
2000-08-20,0.0
2000-08-21,0.002861023
2000-08-22,0.07534027
2000-08-23,0.31852722
2000-08-24,0.0
2000-08-25,0.0
2000-08-26,3.566742
2000-08-27,0.0
2000-08-28,0.0
2000-08-29,0.0
2000-08-30,0.0
2000-08-31,0.0
2000-09-01,0.015735626
2000-09-02,0.1783371
2000-09-03,2.728939
2000-09-04,0.0
2000-09-05,0.0
2000-09-06,0.0
2000-09-07,0.0
2000-09-08,0.0
2000-09-09,0.0
2000-09-10,0.0076293945
2000-09-11,0.0047683716
2000-09-12,0.0
2000-09-13,0.0
2000-09-14,0.8506775
2000-09-15,0.0
2000-09-16,0.0
2000-09-17,0.0
2000-09-18,0.0
2000-09-19,0.00047683716
2000-09-20,0.12779236
2000-09-21,0.0
2000-09-22,0.12302399
2000-09-23,0.02336502
2000-09-24,0.0
2000-09-25,0.0
2000-09-26,0.0
2000-09-27,0.0
2000-09-28,0.0
2000-09-29,0.0
2000-09-30,0.0
2000-10-01,0.0
2000-10-02,0.0
2000-10-03,0.0
2000-10-04,0.0
2000-10-05,0.24223328
2000-10-06,0.0104904175
2000-10-07,0.019550323
2000-10-08,0.0
2000-10-09,0.0
2000-10-10,0.0
2000-10-11,0.0
2000-10-12,0.0
2000-10-13,0.0
2000-10-14,0.027179718
2000-10-15,0.0
2000-10-16,0.0
2000-10-17,0.26655197
2000-10-18,0.0
2000-10-19,0.0
2000-10-20,0.0
2000-10-21,0.0
2000-10-22,0.0
2000-10-23,0.67329407
2000-10-24,0.09012222
2000-10-25,0.26130676
2000-10-26,1.0995865
2000-10-27,0.0052452087
2000-10-28,0.0019073486
2000-10-29,0.0
2000-10-30,0.9865761
2000-10-31,0.0
2000-11-01,0.25320053
2000-11-02,0.0
2000-11-03,0.0
2000-11-04,0.0
2000-11-05,0.0
2000-11-06,4.8122406
2000-11-07,0.61511993
2000-11-08,0.0104904175
2000-11-09,0.009536743
2000-11-10,0.00047683716
2000-11-11,0.011444092
2000-11-12,0.9012222
2000-11-13,0.21076202
2000-11-14,0.005722046
2000-11-15,0.0
2000-11-16,0.5431175
2000-11-17,0.008583069
2000-11-18,0.010967255
2000-11-19,0.24271011
2000-11-20,0.15354156
2000-11-21,0.0
2000-11-22,0.00667572
2000-11-23,0.0023841858
2000-11-24,0.0
2000-11-25,0.0
2000-11-26,0.0
2000-11-27,0.066280365
2000-11-28,0.0023841858
2000-11-29,0.009536743
2000-11-30,0.022411346
2000-12-01,0.13637543
2000-12-02,0.0
2000-12-03,0.0
2000-12-04,0.05865097
2000-12-05,0.00047683716
2000-12-06,0.0047683716
2000-12-07,0.25892258
2000-12-08,0.0019073486
2000-12-09,0.019073486
2000-12-10,0.10347366
2000-12-11,0.248909
2000-12-12,0.0
2000-12-13,0.06723404
2000-12-14,0.049591064
2000-12-15,0.024795532
2000-12-16,0.22554398
2000-12-17,0.0023841858
2000-12-18,0.5221367
2000-12-19,0.005722046
2000-12-20,0.06532669
2000-12-21,0.020980835
2000-12-22,0.0023841858
2000-12-23,0.013828278
2000-12-24,0.00047683716
2000-12-25,0.0
2000-12-26,0.0019073486
2000-12-27,0.005722046
2000-12-28,0.5493164
2000-12-29,0.22554398
2000-12-30,0.005722046
2000-12-31,0.11062622
2001-01-01,0.00047683716
2001-01-02,0.0
2001-01-03,0.0047683716
2001-01-04,0.0
2001-01-05,0.0
2001-01-06,0.00047683716
2001-01-07,0.0042915344
2001-01-08,0.0042915344
2001-01-09,0.00333786
2001-01-10,0.0
2001-01-11,0.00333786
2001-01-12,0.010967255
2001-01-13,0.0019073486
2001-01-14,0.23174286
2001-01-15,0.13113022
2001-01-16,0.015974045
2001-01-17,0.00333786
2001-01-18,0.08916855
2001-01-19,0.0052452087
2001-01-20,0.0
2001-01-21,0.0
2001-01-22,0.0019073486
2001-01-23,0.0
2001-01-24,0.0042915344
2001-01-25,0.0
2001-01-26,0.2617836
2001-01-27,0.0026226044
2001-01-28,0.0009536743
2001-01-29,0.0
2001-01-30,2.114296
2001-01-31,0.17929077
2001-02-01,0.0023841858
2001-02-02,0.0014305115
2001-02-03,0.5288124
2001-02-04,0.0076293945
2001-02-05,0.00333786
2001-02-06,0.0
2001-02-07,0.40483475
2001-02-08,0.38146973
2001-02-09,0.0076293945
2001-02-10,0.0009536743
2001-02-11,0.0
2001-02-12,0.02336502
2001-02-13,0.02670288
2001-02-14,0.0076293945
2001-02-15,0.0
2001-02-16,0.00333786
2001-02-17,0.0
2001-02-18,0.0
2001-02-19,0.0
2001-02-20,0.0
2001-02-21,0.0
2001-02-22,0.07390976
2001-02-23,0.00333786
2001-02-24,0.51116943
2001-02-25,1.8091202
2001-02-26,0.0
2001-02-27,0.0
2001-02-28,0.0
2001-03-01,0.0
2001-03-02,0.0
2001-03-03,0.0
2001-03-04,0.0
2001-03-05,0.0
2001-03-06,0.0
2001-03-07,0.0009536743
2001-03-08,0.016212463
2001-03-09,0.0019073486
2001-03-10,0.01859665
2001-03-11,0.0
2001-03-12,1.0356903
2001-03-13,0.0023841858
2001-03-14,0.0
2001-03-15,0.0
2001-03-16,0.0
2001-03-17,0.0
2001-03-18,0.0
2001-03-19,0.0009536743
2001-03-20,0.0
2001-03-21,0.23698807
2001-03-22,0.002861023
2001-03-23,0.0
2001-03-24,0.006198883
2001-03-25,0.030040741
2001-03-26,0.0
2001-03-27,0.0
2001-03-28,0.03862381
2001-03-29,0.044345856
2001-03-30,0.06723404
2001-03-31,0.37193298
2001-04-01,0.0
2001-04-02,0.00023841858
2001-04-03,0.0
2001-04-04,0.0
2001-04-05,0.17404556
2001-04-06,0.00047683716
2001-04-07,6.650448
2001-04-08,0.00047683716
2001-04-09,0.0023841858
2001-04-10,0.0
2001-04-11,1.9841194
2001-04-12,0.10251999
2001-04-13,0.0
2001-04-14,0.0
2001-04-15,0.04386902
2001-04-16,0.07772446
2001-04-17,0.0
2001-04-18,0.0
2001-04-19,0.0
2001-04-20,0.052928925
2001-04-21,0.5683899
2001-04-22,1.6794205
2001-04-23,5.022049
2001-04-24,0.17929077
2001-04-25,0.0
2001-04-26,0.0
2001-04-27,0.0
2001-04-28,0.008106232
2001-04-29,0.0
2001-04-30,2.9234886
2001-05-01,0.0
2001-05-02,0.0
2001-05-03,0.15306473
2001-05-04,0.0
2001-05-05,0.10538101
2001-05-06,1.2412071
2001-05-07,0.031471252
2001-05-08,0.0
2001-05-09,0.002861023
2001-05-10,0.049114227
2001-05-11,0.008583069
2001-05-12,0.0
2001-05-13,0.0
2001-05-14,0.0
2001-05-15,0.0
2001-05-16,0.04196167
2001-05-17,0.0
2001-05-18,0.0
2001-05-19,0.04863739
2001-05-20,0.55503845
2001-05-21,2.02322
2001-05-22,1.3656616
2001-05-23,0.78105927
2001-05-24,0.5722046
2001-05-25,1.2931824
2001-05-26,0.2450943
2001-05-27,0.0
2001-05-28,0.0
2001-05-29,0.010967255
2001-05-30,0.0
2001-05-31,0.0
2001-06-01,0.12540817
2001-06-02,0.036239624
2001-06-03,0.0
2001-06-04,0.0
2001-06-05,0.13256073
2001-06-06,0.012397766
2001-06-07,0.044822693
2001-06-08,0.00667572
2001-06-09,0.01335144
2001-06-10,0.08249283
2001-06-11,0.0047683716
2001-06-12,0.0
2001-06-13,0.50640106
2001-06-14,0.10108948
2001-06-15,0.11253357
2001-06-16,0.00047683716
2001-06-17,0.012874603
2001-06-18,0.11062622
2001-06-19,0.00333786
2001-06-20,0.019550323
2001-06-21,1.1835098
2001-06-22,0.0
2001-06-23,0.0
2001-06-24,0.0
2001-06-25,0.0
2001-06-26,0.0
2001-06-27,0.0042915344
2001-06-28,0.0
2001-06-29,0.0
2001-06-30,0.00047683716
2001-07-01,0.0
2001-07-02,0.25558472
2001-07-03,0.0
2001-07-04,0.0
2001-07-05,0.0
2001-07-06,0.0
2001-07-07,0.7195473
2001-07-08,0.06532669
2001-07-09,0.0
2001-07-10,0.0
2001-07-11,0.0
2001-07-12,0.0
2001-07-13,0.0
2001-07-14,0.0
2001-07-15,0.0
2001-07-16,0.036239624
2001-07-17,0.1821518
2001-07-18,0.0
2001-07-19,0.10061264
2001-07-20,0.0019073486
2001-07-21,0.04863739
2001-07-22,9.47094
2001-07-23,0.011920929
2001-07-24,0.0
2001-07-25,0.0
2001-07-26,0.0
2001-07-27,0.0
2001-07-28,2.1390915
2001-07-29,0.0
2001-07-30,0.0
2001-07-31,0.0
2001-08-01,0.09346008
2001-08-02,0.0
2001-08-03,0.0
2001-08-04,0.059127808
2001-08-05,0.0
2001-08-06,0.00047683716
2001-08-07,0.0
2001-08-08,0.0
2001-08-09,0.0
2001-08-10,0.0
2001-08-11,0.0
2001-08-12,0.008583069
2001-08-13,0.0
2001-08-14,0.0
2001-08-15,0.25463104
2001-08-16,0.3004074
2001-08-17,0.0047683716
2001-08-18,0.8177757
2001-08-19,0.0104904175
2001-08-20,0.0
2001-08-21,0.5569458
2001-08-22,0.0
2001-08-23,0.0
2001-08-24,0.046253204
2001-08-25,0.002861023
2001-08-26,0.11587143
2001-08-27,0.0009536743
2001-08-28,0.0
2001-08-29,0.0
2001-08-30,0.8454323
2001-08-31,0.0
2001-09-01,0.0
2001-09-02,0.0
2001-09-03,0.0
2001-09-04,0.0
2001-09-05,0.0
2001-09-06,0.0023841858
2001-09-07,2.7208328
2001-09-08,0.02002716
2001-09-09,0.008106232
2001-09-10,0.0
2001-09-11,0.0
2001-09-12,0.0
2001-09-13,0.0
2001-09-14,0.0
2001-09-15,0.012397766
2001-09-16,0.00047683716
2001-09-17,0.032901764
2001-09-18,0.16880035
2001-09-19,0.016212463
2001-09-20,0.0
2001-09-21,0.22602081
2001-09-22,0.8068085
2001-09-23,1.5115738
2001-09-24,0.0
2001-09-25,0.0
2001-09-26,0.0
2001-09-27,0.0
2001-09-28,0.0
2001-09-29,0.0
2001-09-30,0.0
2001-10-01,0.0
2001-10-02,0.0
2001-10-03,0.0
2001-10-04,0.0
2001-10-05,0.0
2001-10-06,0.0
2001-10-07,0.0
2001-10-08,0.91314316
2001-10-09,0.0023841858
2001-10-10,0.028133392
2001-10-11,0.0
2001-10-12,0.0
2001-10-13,0.25510788
2001-10-14,0.034332275
2001-10-15,0.18024445
2001-10-16,0.0009536743
2001-10-17,0.0
2001-10-18,0.13065338
2001-10-19,0.0
2001-10-20,0.0047683716
2001-10-21,0.0
2001-10-22,0.0
2001-10-23,0.07581711
2001-10-24,0.6108284
2001-10-25,0.3170967
2001-10-26,0.048160553
2001-10-27,0.0
2001-10-28,0.0
2001-10-29,0.0
2001-10-30,0.3490448
2001-10-31,0.0014305115
2001-11-01,0.0
2001-11-02,0.0
2001-11-03,0.0
2001-11-04,0.0
2001-11-05,0.0
2001-11-06,0.0
2001-11-07,0.020980835
2001-11-08,0.23841858
2001-11-09,0.0
2001-11-10,0.0
2001-11-11,0.0
2001-11-12,0.0
2001-11-13,1.0457039
2001-11-14,0.022888184
2001-11-15,0.0
2001-11-16,0.0
2001-11-17,0.0
2001-11-18,0.01335144
2001-11-19,0.0
2001-11-20,0.0
2001-11-21,0.0
2001-11-22,0.0
2001-11-23,0.0
2001-11-24,1.996994
2001-11-25,0.005722046
2001-11-26,0.24843216
2001-11-27,1.4362335
2001-11-28,0.17690659
2001-11-29,0.03528595
2001-11-30,0.00333786
2001-12-01,0.029087067
2001-12-02,0.0
2001-12-03,0.0
2001-12-04,0.014781952
2001-12-05,2.8414726
2001-12-06,0.025749207
2001-12-07,0.0
2001-12-08,0.019073486
2001-12-09,0.0
2001-12-10,0.0
2001-12-11,0.0
2001-12-12,0.011920929
2001-12-13,0.0009536743
2001-12-14,0.0
2001-12-15,0.0
2001-12-16,0.0104904175
2001-12-17,0.00047683716
2001-12-18,0.0
2001-12-19,0.0
2001-12-20,0.0
2001-12-21,0.0
2001-12-22,0.7658005
2001-12-23,0.14638901
2001-12-24,0.006198883
2001-12-25,0.009059906
2001-12-26,0.055789948
2001-12-27,0.04053116
2001-12-28,0.015735626
2001-12-29,0.00667572
2001-12-30,0.009536743
2001-12-31,0.0
2002-01-01,0.006198883
2002-01-02,0.0023841858
2002-01-03,0.00047683716
2002-01-04,0.0
2002-01-05,0.2245903
2002-01-06,0.014781952
2002-01-07,0.0
2002-01-08,0.0
2002-01-09,0.0
2002-01-10,0.0071525574
2002-01-11,0.0
2002-01-12,0.00047683716
2002-01-13,0.04339218
2002-01-14,0.3786087
2002-01-15,0.030040741
2002-01-16,0.1411438
2002-01-17,0.012874603
2002-01-18,0.00047683716
2002-01-19,0.0
2002-01-20,0.00047683716
2002-01-21,0.0
2002-01-22,0.0
2002-01-23,0.0
2002-01-24,0.0
2002-01-25,0.0
2002-01-26,0.0
2002-01-27,0.0
2002-01-28,0.008583069
2002-01-29,0.030994415
2002-01-30,0.0
2002-01-31,0.12874603
2002-02-01,0.08392334
2002-02-02,0.0
2002-02-03,0.00047683716
2002-02-04,0.0
2002-02-05,0.0
2002-02-06,0.0
2002-02-07,0.0
2002-02-08,0.0
2002-02-09,0.20074844
2002-02-10,0.29039383
2002-02-11,0.0
2002-02-12,0.0
2002-02-13,0.0
2002-02-14,0.0
2002-02-15,0.0019073486
2002-02-16,0.062942505
2002-02-17,0.0
2002-02-18,0.0
2002-02-19,1.0547638
2002-02-20,0.8826256
2002-02-21,0.1206398
2002-02-22,0.0
2002-02-23,0.028133392
2002-02-24,0.5850792
2002-02-25,0.01001358
2002-02-26,0.19550323
2002-02-27,0.0
2002-02-28,0.0014305115
2002-03-01,0.0
2002-03-02,0.11062622
2002-03-03,0.002861023
2002-03-04,0.11539459
2002-03-05,0.062942505
2002-03-06,0.06866455
2002-03-07,0.051498413
2002-03-08,1.7118454
2002-03-09,0.81300735
2002-03-10,0.0009536743
2002-03-11,0.0023841858
2002-03-12,0.0
2002-03-13,0.0166893
2002-03-14,0.86545944
2002-03-15,1.2683868
2002-03-16,0.0
2002-03-17,0.0500679
2002-03-18,0.002861023
2002-03-19,0.26226044
2002-03-20,0.0
2002-03-21,0.024318695
2002-03-22,0.0
2002-03-23,0.0
2002-03-24,0.0
2002-03-25,0.0
2002-03-26,0.0
2002-03-27,0.0
2002-03-28,0.10061264
2002-03-29,0.0042915344
2002-03-30,0.00047683716
2002-03-31,0.020503998
2002-04-01,0.6489754
2002-04-02,0.23841858
2002-04-03,0.009059906
2002-04-04,0.009536743
2002-04-05,0.0
2002-04-06,0.0
2002-04-07,0.0
2002-04-08,0.013828278
2002-04-09,0.0
2002-04-10,0.91552734
2002-04-11,5.097389
2002-04-12,0.0009536743
2002-04-13,0.0
2002-04-14,0.16069412
2002-04-15,0.0
2002-04-16,0.00047683716
2002-04-17,3.6101341
2002-04-18,0.27751923
2002-04-19,0.0
2002-04-20,0.0
2002-04-21,0.88214874
2002-04-22,0.05722046
2002-04-23,0.0
2002-04-24,0.002861023
2002-04-25,0.0
2002-04-26,0.0
2002-04-27,1.294136
2002-04-28,0.46920776
2002-04-29,0.00047683716
2002-04-30,0.00047683716
2002-05-01,0.10347366
2002-05-02,0.029563904
2002-05-03,0.0
2002-05-04,0.011444092
2002-05-05,0.042438507
2002-05-06,0.0009536743
2002-05-07,0.3914833
2002-05-08,1.0676384
2002-05-09,0.22172928
2002-05-10,0.0
2002-05-11,2.1734238
2002-05-12,0.02670288
2002-05-13,0.08106232
2002-05-14,0.0
2002-05-15,0.0
2002-05-16,0.0
2002-05-17,0.0
2002-05-18,0.0
2002-05-19,0.0
2002-05-20,0.0
2002-05-21,0.0
2002-05-22,0.0
2002-05-23,0.0
2002-05-24,0.0
2002-05-25,0.02527237
2002-05-26,0.42629242
2002-05-27,0.0047683716
2002-05-28,0.054359436
2002-05-29,0.0
2002-05-30,0.002861023
2002-05-31,0.0
2002-06-01,0.0
2002-06-02,0.2322197
2002-06-03,5.83601
2002-06-04,0.6637573
2002-06-05,0.0
2002-06-06,0.0
2002-06-07,0.0
2002-06-08,1.7585754
2002-06-09,0.0
2002-06-10,0.04720688
2002-06-11,0.049591064
2002-06-12,0.0
2002-06-13,0.11634827
2002-06-14,0.089645386
2002-06-15,0.0
2002-06-16,0.0038146973
2002-06-17,0.06055832
2002-06-18,0.0
2002-06-19,0.3156662
2002-06-20,0.10681152
2002-06-21,0.7328987
2002-06-22,0.00047683716
2002-06-23,0.0
2002-06-24,0.0
2002-06-25,0.0
2002-06-26,0.0
2002-06-27,0.009536743
2002-06-28,0.0
2002-06-29,0.0
2002-06-30,0.0
2002-07-01,0.0
2002-07-02,0.11062622
2002-07-03,0.85926056
2002-07-04,0.0
2002-07-05,0.0047683716
2002-07-06,0.027179718
2002-07-07,0.034809113
2002-07-08,0.269413
2002-07-09,0.0
2002-07-10,1.0933876
2002-07-11,5.815029
2002-07-12,0.0
2002-07-13,0.0042915344
2002-07-14,0.0
2002-07-15,0.0
2002-07-16,0.0
2002-07-17,0.0
2002-07-18,0.5145073
2002-07-19,0.0166893
2002-07-20,0.008106232
2002-07-21,0.0
2002-07-22,0.024318695
2002-07-23,0.0
2002-07-24,1.0099411
2002-07-25,0.5259514
2002-07-26,0.006198883
2002-07-27,0.021457672
2002-07-28,0.0
2002-07-29,1.1672974
2002-07-30,0.0
2002-07-31,0.0
2002-08-01,0.0
2002-08-02,0.0
2002-08-03,0.0042915344
2002-08-04,8.098602
2002-08-05,0.0
2002-08-06,0.0
2002-08-07,0.0
2002-08-08,0.0
2002-08-09,0.019073486
2002-08-10,0.0
2002-08-11,0.0
2002-08-12,0.07247925
2002-08-13,0.0
2002-08-14,0.0
2002-08-15,0.0023841858
2002-08-16,0.0
2002-08-17,8.643627
2002-08-18,0.0
2002-08-19,0.0023841858
2002-08-20,0.0
2002-08-21,1.0561943
2002-08-22,0.018119812
2002-08-23,0.030517578
2002-08-24,0.01335144
2002-08-25,0.0
2002-08-26,0.0
2002-08-27,0.0076293945
2002-08-28,0.18930435
2002-08-29,0.0019073486
2002-08-30,0.0
2002-08-31,0.0
2002-09-01,0.0
2002-09-02,0.042438507
2002-09-03,0.0
2002-09-04,0.0
2002-09-05,0.1950264
2002-09-06,0.4477501
2002-09-07,0.0
2002-09-08,0.0
2002-09-09,0.0
2002-09-10,0.0
2002-09-11,0.0
2002-09-12,0.0
2002-09-13,0.47969818
2002-09-14,0.25987625
2002-09-15,0.0
2002-09-16,0.0
2002-09-17,0.0
2002-09-18,0.009059906
2002-09-19,3.5896301
2002-09-20,0.0014305115
2002-09-21,0.0
2002-09-22,0.0009536743
2002-09-23,0.16117096
2002-09-24,0.0
2002-09-25,0.4658699
2002-09-26,1.5616417
2002-09-27,0.0
2002-09-28,0.0
2002-09-29,0.0014305115
2002-09-30,0.5979538
2002-10-01,0.0
2002-10-02,1.0375977
2002-10-03,0.0052452087
2002-10-04,3.112793
2002-10-05,0.0052452087
2002-10-06,5.142212
2002-10-07,0.0014305115
2002-10-08,0.059127808
2002-10-09,0.0
2002-10-10,0.5364418
2002-10-11,0.0
2002-10-12,0.13160706
2002-10-13,0.0
2002-10-14,0.0
2002-10-15,0.0
2002-10-16,0.0
2002-10-17,0.9074211
2002-10-18,0.08249283
2002-10-19,0.0
2002-10-20,0.09059906
2002-10-21,0.40769577
2002-10-22,0.0023841858
2002-10-23,0.0
2002-10-24,0.0
2002-10-25,0.06866455
2002-10-26,0.00047683716
2002-10-27,0.0
2002-10-28,0.08773804
2002-10-29,0.0333786
2002-10-30,0.15258789
2002-10-31,0.0
2002-11-01,0.0
2002-11-02,0.0
2002-11-03,0.0
2002-11-04,0.0
2002-11-05,0.041007996
2002-11-06,0.0014305115
2002-11-07,0.0
2002-11-08,0.0
2002-11-09,0.0
2002-11-10,0.15974045
2002-11-11,0.0014305115
2002-11-12,0.0
2002-11-13,0.00047683716
2002-11-14,0.0
2002-11-15,0.0009536743
2002-11-16,0.0
2002-11-17,0.0
2002-11-18,0.030517578
2002-11-19,0.0
2002-11-20,0.0
2002-11-21,0.14591217
2002-11-22,0.0019073486
2002-11-23,0.0
2002-11-24,0.00333786
2002-11-25,0.0009536743
2002-11-26,0.0
2002-11-27,0.0
2002-11-28,0.0
2002-11-29,0.0
2002-11-30,0.016212463
2002-12-01,0.0009536743
2002-12-02,0.0047683716
2002-12-03,0.0
2002-12-04,0.032424927
2002-12-05,0.0
2002-12-06,0.0
2002-12-07,0.002861023
2002-12-08,0.0
2002-12-09,0.0
2002-12-10,0.0
2002-12-11,0.00047683716
2002-12-12,0.008583069
2002-12-13,0.0
2002-12-14,0.0
2002-12-15,0.00047683716
2002-12-16,0.008106232
2002-12-17,0.016212463
2002-12-18,0.72336197
2002-12-19,0.09584427
2002-12-20,0.20980835
2002-12-21,0.04339218
2002-12-22,0.019550323
2002-12-23,0.012397766
2002-12-24,0.00047683716
2002-12-25,0.00047683716
2002-12-26,0.0
2002-12-27,0.0
2002-12-28,0.0009536743
2002-12-29,0.0
2002-12-30,0.0
2002-12-31,0.0
2003-01-01,0.0
2003-01-02,0.0009536743
2003-01-03,0.0
2003-01-04,0.034332275
2003-01-05,0.038146973
2003-01-06,0.0009536743
2003-01-07,0.00047683716
2003-01-08,0.0
2003-01-09,0.038146973
2003-01-10,0.010967255
2003-01-11,0.0
2003-01-12,0.0
2003-01-13,0.0076293945
2003-01-14,0.0019073486
2003-01-15,0.0
2003-01-16,0.0
2003-01-17,0.0
2003-01-18,0.060081482
2003-01-19,0.02002716
2003-01-20,0.0014305115
2003-01-21,0.0
2003-01-22,0.0009536743
2003-01-23,0.0
2003-01-24,0.06341934
2003-01-25,0.046253204
2003-01-26,0.0
2003-01-27,0.0076293945
2003-01-28,0.5559921
2003-01-29,0.0
2003-01-30,0.0
2003-01-31,0.009536743
2003-02-01,0.07867813
2003-02-02,0.07581711
2003-02-03,1.3618469
2003-02-04,0.01001358
2003-02-05,0.08916855
2003-02-06,0.0019073486
2003-02-07,0.0
2003-02-08,0.04863739
2003-02-09,0.009536743
2003-02-10,0.012397766
2003-02-11,0.062942505
2003-02-12,0.0
2003-02-13,0.0
2003-02-14,0.006198883
2003-02-15,0.0
2003-02-16,0.0
2003-02-17,0.0
2003-02-18,0.05722046
2003-02-19,0.0
2003-02-20,0.0
2003-02-21,0.0019073486
2003-02-22,0.005722046
2003-02-23,0.02861023
2003-02-24,0.0009536743
2003-02-25,0.0
2003-02-26,0.0
2003-02-27,0.0
2003-02-28,0.0
2003-03-01,0.0
2003-03-02,0.0
2003-03-03,0.09250641
2003-03-04,0.005722046
2003-03-05,0.0
2003-03-06,0.0
2003-03-07,0.12874603
2003-03-08,0.009536743
2003-03-09,0.0
2003-03-10,0.0
2003-03-11,0.009536743
2003-03-12,0.0019073486
2003-03-13,0.15258789
2003-03-14,0.0
2003-03-15,0.0
2003-03-16,0.16975403
2003-03-17,0.0
2003-03-18,0.006198883
2003-03-19,0.0
2003-03-20,1.6765594
2003-03-21,0.13113022
2003-03-22,0.0
2003-03-23,0.0
2003-03-24,0.0
2003-03-25,0.0
2003-03-26,0.0
2003-03-27,0.7209778
2003-03-28,0.541687
2003-03-29,0.0023841858
2003-03-30,0.0071525574
2003-03-31,0.21839142
2003-04-01,0.0
2003-04-02,0.0
2003-04-03,0.39196014
2003-04-04,0.09059906
2003-04-05,0.1540184
2003-04-06,0.0
2003-04-07,0.008106232
2003-04-08,0.0
2003-04-09,0.0
2003-04-10,0.0
2003-04-11,0.0
2003-04-12,0.0
2003-04-13,0.0
2003-04-14,0.0
2003-04-15,0.009536743
2003-04-16,7.572651
2003-04-17,0.06532669
2003-04-18,0.0
2003-04-19,1.7027855
2003-04-20,0.6561279
2003-04-21,0.12588501
2003-04-22,0.0
2003-04-23,0.0
2003-04-24,0.0
2003-04-25,0.0
2003-04-26,0.0
2003-04-27,0.084877014
2003-04-28,0.0
2003-04-29,0.38719177
2003-04-30,0.06055832
2003-05-01,0.0
2003-05-02,0.0
2003-05-03,0.0
2003-05-04,0.0023841858
2003-05-05,1.3165474
2003-05-06,0.0667572
2003-05-07,0.036239624
2003-05-08,0.0
2003-05-09,3.4627914
2003-05-10,0.0
2003-05-11,2.245903
2003-05-12,0.0
2003-05-13,0.0
2003-05-14,0.5493164
2003-05-15,0.04673004
2003-05-16,0.0014305115
2003-05-17,0.0
2003-05-18,0.0
2003-05-19,1.8424988
2003-05-20,0.0
2003-05-21,0.0
2003-05-22,0.48017502
2003-05-23,0.0
2003-05-24,0.0
2003-05-25,0.0
2003-05-26,0.0
2003-05-27,0.0
2003-05-28,0.21409988
2003-05-29,0.0
2003-05-30,0.00047683716
2003-05-31,0.0
2003-06-01,0.0
2003-06-02,0.010967255
2003-06-03,0.014781952
2003-06-04,0.019073486
2003-06-05,0.0009536743
2003-06-06,2.1362305
2003-06-07,0.09250641
2003-06-08,0.3900528
2003-06-09,0.01001358
2003-06-10,1.7371178
2003-06-11,0.03528595
2003-06-12,0.0042915344
2003-06-13,0.002861023
2003-06-14,0.0
2003-06-15,0.0
2003-06-16,0.0
2003-06-17,0.005722046
2003-06-18,0.09918213
2003-06-19,0.0
2003-06-20,0.0
2003-06-21,0.0
2003-06-22,0.0
2003-06-23,0.02002716
2003-06-24,1.3971329
2003-06-25,0.14019012
2003-06-26,0.09870529
2003-06-27,0.0
2003-06-28,0.7195473
2003-06-29,0.00047683716
2003-06-30,0.0
2003-07-01,0.0
2003-07-02,0.0
2003-07-03,0.0
2003-07-04,0.0
2003-07-05,0.0
2003-07-06,0.0071525574
2003-07-07,0.0
2003-07-08,0.0
2003-07-09,7.408142
2003-07-10,0.45490265
2003-07-11,1.4448166
2003-07-12,0.006198883
2003-07-13,0.0
2003-07-14,0.0
2003-07-15,0.0
2003-07-16,0.28705597
2003-07-17,0.027656555
2003-07-18,0.0
2003-07-19,0.0
2003-07-20,0.010967255
2003-07-21,0.07772446
2003-07-22,0.0834465
2003-07-23,0.0
2003-07-24,0.0
2003-07-25,0.0
2003-07-26,0.0
2003-07-27,0.0
2003-07-28,0.054359436
2003-07-29,0.0
2003-07-30,0.38433075
2003-07-31,0.07104874
2003-08-01,0.108242035
2003-08-02,0.09393692
2003-08-03,0.034332275
2003-08-04,0.0
2003-08-05,0.49257278
2003-08-06,0.027656555
2003-08-07,0.014305115
2003-08-08,0.0
2003-08-09,0.0
2003-08-10,0.0
2003-08-11,0.032424927
2003-08-12,0.0
2003-08-13,0.0
2003-08-14,0.0
2003-08-15,0.0
2003-08-16,0.0
2003-08-17,0.0
2003-08-18,0.0
2003-08-19,0.0014305115
2003-08-20,0.104904175
2003-08-21,0.005722046
2003-08-22,0.0
2003-08-23,0.0
2003-08-24,0.0
2003-08-25,0.0
2003-08-26,0.00047683716
2003-08-27,0.0
2003-08-28,0.0
2003-08-29,0.0
2003-08-30,0.0
2003-08-31,0.0
2003-09-01,0.0
2003-09-02,0.0
2003-09-03,0.058174133
2003-09-04,0.0
2003-09-05,0.0
2003-09-06,0.0
2003-09-07,0.0
2003-09-08,0.0009536743
2003-09-09,0.0
2003-09-10,0.09775162
2003-09-11,0.08916855
2003-09-12,2.6230812
2003-09-13,0.0
2003-09-14,0.0
2003-09-15,0.0
2003-09-16,0.0
2003-09-17,0.0
2003-09-18,0.35858154
2003-09-19,0.06341934
2003-09-20,0.0
2003-09-21,0.0
2003-09-22,0.08010864
2003-09-23,0.0
2003-09-24,0.0
2003-09-25,0.0
2003-09-26,0.7658005
2003-09-27,0.012874603
2003-09-28,0.11920929
2003-09-29,0.09393692
2003-09-30,0.0
2003-10-01,0.0
2003-10-02,0.0
2003-10-03,0.0047683716
2003-10-04,0.0
2003-10-05,0.0
2003-10-06,0.0
2003-10-07,0.0
2003-10-08,0.0
2003-10-09,0.0
2003-10-10,0.0
2003-10-11,1.8253326
2003-10-12,0.0
2003-10-13,0.0
2003-10-14,0.069618225
2003-10-15,0.0
2003-10-16,0.0
2003-10-17,0.0
2003-10-18,0.0
2003-10-19,0.0
2003-10-20,0.0
2003-10-21,0.35095215
2003-10-22,0.0
2003-10-23,0.0
2003-10-24,0.0
2003-10-25,0.038146973
2003-10-26,0.0
2003-10-27,0.0
2003-10-28,0.78964233
2003-10-29,0.0009536743
2003-10-30,0.30469894
2003-10-31,0.0
2003-11-01,0.0
2003-11-02,0.0
2003-11-03,2.096653
2003-11-04,0.7224083
2003-11-05,0.0009536743
2003-11-06,0.0
2003-11-07,0.0
2003-11-08,0.0
2003-11-09,0.0
2003-11-10,0.0
2003-11-11,0.0023841858
2003-11-12,0.36382675
2003-11-13,0.0
2003-11-14,0.0
2003-11-15,0.0
2003-11-16,0.02002716
2003-11-17,0.34952164
2003-11-18,0.009536743
2003-11-19,0.0
2003-11-20,0.0
2003-11-21,0.0
2003-11-22,0.123500824
2003-11-23,1.5492439
2003-11-24,0.07390976
2003-11-25,0.0
2003-11-26,0.0
2003-11-27,0.061511993
2003-11-28,0.024318695
2003-11-29,0.0009536743
2003-11-30,0.0
2003-12-01,0.0
2003-12-02,0.0
2003-12-03,0.006198883
2003-12-04,0.005722046
2003-12-05,0.30517578
2003-12-06,0.0014305115
2003-12-07,0.0038146973
2003-12-08,0.33855438
2003-12-09,0.4377365
2003-12-10,0.27418137
2003-12-11,0.00667572
2003-12-12,0.0
2003-12-13,0.010967255
2003-12-14,0.10967255
2003-12-15,0.008583069
2003-12-16,0.54597855
2003-12-17,0.005722046
2003-12-18,0.036239624
2003-12-19,0.017642975
2003-12-20,0.00047683716
2003-12-21,0.0
2003-12-22,0.0
2003-12-23,0.005722046
2003-12-24,0.0
2003-12-25,0.0014305115
2003-12-26,0.0
2003-12-27,0.3991127
2003-12-28,0.0023841858
2003-12-29,0.11634827
2003-12-30,0.009059906
2003-12-31,0.0
2004-01-01,0.0
2004-01-02,0.0
2004-01-03,0.0009536743
2004-01-04,0.0014305115
2004-01-05,0.10919571
2004-01-06,0.0014305115
2004-01-07,0.0
2004-01-08,0.00047683716
2004-01-09,0.0009536743
2004-01-10,0.009536743
2004-01-11,0.0
2004-01-12,0.008106232
2004-01-13,0.0047683716
2004-01-14,0.32901764
2004-01-15,0.032424927
2004-01-16,0.002861023
2004-01-17,0.0014305115
2004-01-18,0.002861023
2004-01-19,0.0
2004-01-20,0.019550323
2004-01-21,0.0104904175
2004-01-22,0.0014305115
2004-01-23,0.31280518
2004-01-24,0.0
2004-01-25,0.12874603
2004-01-26,0.7171631
2004-01-27,0.08201599
2004-01-28,0.022411346
2004-01-29,0.0
2004-01-30,0.0
2004-01-31,0.034809113
2004-02-01,0.5226135
2004-02-02,0.67043304
2004-02-03,0.0
2004-02-04,0.00047683716
2004-02-05,0.16736984
2004-02-06,0.15735626
2004-02-07,0.15449524
2004-02-08,0.0009536743
2004-02-09,0.08392334
2004-02-10,0.00047683716
2004-02-11,0.22172928
2004-02-12,0.0023841858
2004-02-13,0.0
2004-02-14,0.0
2004-02-15,0.0
2004-02-16,0.0
2004-02-17,0.0
2004-02-18,0.00047683716
2004-02-19,0.33950806
2004-02-20,1.0857582
2004-02-21,0.014781952
2004-02-22,0.36144257
2004-02-23,0.0052452087
2004-02-24,0.0
2004-02-25,0.0042915344
2004-02-26,0.0009536743
2004-02-27,0.0
2004-02-28,0.0
2004-02-29,0.0
2004-03-01,0.23651123
2004-03-02,0.0166893
2004-03-03,0.07534027
2004-03-04,0.0009536743
2004-03-05,0.07915497
2004-03-06,0.009536743
2004-03-07,0.33903122
2004-03-08,0.35953522
2004-03-09,0.0
2004-03-10,0.15830994
2004-03-11,0.04053116
2004-03-12,0.0
2004-03-13,0.33283234
2004-03-14,0.006198883
2004-03-15,0.0
2004-03-16,0.0
2004-03-17,0.24938583
2004-03-18,0.7658005
2004-03-19,0.0
2004-03-20,0.13446808
2004-03-21,0.002861023
2004-03-22,0.0
2004-03-23,0.0
2004-03-24,0.0
2004-03-25,0.027179718
2004-03-26,0.027179718
2004-03-27,0.0
2004-03-28,0.7266998
2004-03-29,0.025749207
2004-03-30,0.0009536743
2004-03-31,0.0
2004-04-01,0.0
2004-04-02,0.0
2004-04-03,0.0
2004-04-04,0.0
2004-04-05,0.29039383
2004-04-06,0.0014305115
2004-04-07,0.0
2004-04-08,0.00047683716
2004-04-09,0.020980835
2004-04-10,0.02002716
2004-04-11,0.044345856
2004-04-12,0.0009536743
2004-04-13,0.0
2004-04-14,0.0
2004-04-15,0.0
2004-04-16,0.0
2004-04-17,0.14305115
2004-04-18,0.10919571
2004-04-19,0.17690659
2004-04-20,0.0
2004-04-21,0.21982193
2004-04-22,0.07677078
2004-04-23,0.0
2004-04-24,0.0
2004-04-25,1.8033981
2004-04-26,0.0009536743
2004-04-27,0.00333786
2004-04-28,0.014305115
2004-04-29,0.0
2004-04-30,0.17118454
2004-05-01,0.015258789
2004-05-02,0.30565262
2004-05-03,0.0
2004-05-04,0.12779236
2004-05-05,0.2360344
2004-05-06,0.20074844
2004-05-07,0.0
2004-05-08,0.18978119
2004-05-09,0.021457672
2004-05-10,0.0
2004-05-11,0.0
2004-05-12,2.5129318
2004-05-13,0.32234192
2004-05-14,0.04863739
2004-05-15,0.0
2004-05-16,0.0009536743
2004-05-17,1.1792183
2004-05-18,0.0
2004-05-19,0.0
2004-05-20,0.019550323
2004-05-21,1.742363
2004-05-22,0.4606247
2004-05-23,6.163597
2004-05-24,0.12397766
2004-05-25,0.42438507
2004-05-26,0.0
2004-05-27,0.80013275
2004-05-28,0.0038146973
2004-05-29,0.68998337
2004-05-30,2.5658607
2004-05-31,0.066280365
2004-06-01,0.22029877
2004-06-02,0.0047683716
2004-06-03,0.0
2004-06-04,0.0
2004-06-05,0.0042915344
2004-06-06,0.10442734
2004-06-07,0.0
2004-06-08,0.102996826
2004-06-09,0.79488754
2004-06-10,0.0019073486
2004-06-11,0.069618225
2004-06-12,0.0038146973
2004-06-13,0.06580353
2004-06-14,0.028133392
2004-06-15,0.0
2004-06-16,0.06198883
2004-06-17,0.0
2004-06-18,0.0
2004-06-19,0.0
2004-06-20,0.0
2004-06-21,0.0047683716
2004-06-22,0.0
2004-06-23,0.009059906
2004-06-24,0.0
2004-06-25,0.0047683716
2004-06-26,0.01001358
2004-06-27,2.0785332
2004-06-28,0.0
2004-06-29,0.00047683716
2004-06-30,0.0
2004-07-01,0.05722046
2004-07-02,0.08440018
2004-07-03,0.13589859
2004-07-04,0.18548965
2004-07-05,0.0071525574
2004-07-06,0.6170273
2004-07-07,0.39625168
2004-07-08,0.0
2004-07-09,0.00047683716
2004-07-10,0.0
2004-07-11,1.5301704
2004-07-12,0.0
2004-07-13,0.0
2004-07-14,0.00047683716
2004-07-15,0.0
2004-07-16,0.12302399
2004-07-17,0.0
2004-07-18,0.0
2004-07-19,0.13780594
2004-07-20,0.008583069
2004-07-21,0.0
2004-07-22,0.06723404
2004-07-23,0.0
2004-07-24,0.0
2004-07-25,0.0
2004-07-26,0.0
2004-07-27,0.0
2004-07-28,0.041007996
2004-07-29,1.1825562
2004-07-30,0.0
2004-07-31,0.0
2004-08-01,0.056505203
2004-08-02,0.014781952
2004-08-03,0.2541542
2004-08-04,0.0
2004-08-05,0.0
2004-08-06,0.0
2004-08-07,0.0
2004-08-08,0.121593475
2004-08-09,1.6303062
2004-08-10,0.0019073486
2004-08-11,0.088214874
2004-08-12,0.0019073486
2004-08-13,0.031471252
2004-08-14,0.0
2004-08-15,0.0
2004-08-16,0.38576126
2004-08-17,0.031471252
2004-08-18,2.1400452
2004-08-19,0.0
2004-08-20,0.0
2004-08-21,0.0
2004-08-22,0.0
2004-08-23,0.0
2004-08-24,0.13017654
2004-08-25,0.2503395
2004-08-26,0.0
2004-08-27,0.0
2004-08-28,0.045776367
2004-08-29,0.031471252
2004-08-30,0.0
2004-08-31,0.5207062
2004-09-01,0.0
2004-09-02,0.0
2004-09-03,0.0
2004-09-04,0.0
2004-09-05,0.32138824
2004-09-06,0.24700165
2004-09-07,0.0
2004-09-08,0.0
2004-09-09,0.0
2004-09-10,0.0
2004-09-11,0.0
2004-09-12,0.0
2004-09-13,0.0
2004-09-14,1.1835098
2004-09-15,4.500389
2004-09-16,0.0
2004-09-17,0.0
2004-09-18,0.0
2004-09-19,0.0
2004-09-20,0.0
2004-09-21,0.6661415
2004-09-22,0.02670288
2004-09-23,0.0
2004-09-24,0.15735626
2004-09-25,0.0
2004-09-26,0.0
2004-09-27,0.46300888
2004-09-28,0.0
2004-09-29,0.0
2004-09-30,0.0
2004-10-01,0.64229965
2004-10-02,0.0
2004-10-03,0.0
2004-10-04,0.0
2004-10-05,0.0
2004-10-06,0.0
2004-10-07,0.0
2004-10-08,0.39291382
2004-10-09,0.0
2004-10-10,0.0
2004-10-11,0.0
2004-10-12,0.0
2004-10-13,0.52165985
2004-10-14,0.0009536743
2004-10-15,0.3066063
2004-10-16,0.24223328
2004-10-17,0.0
2004-10-18,0.024318695
2004-10-19,0.01001358
2004-10-20,0.0
2004-10-21,0.0
2004-10-22,0.47922134
2004-10-23,1.9698143
2004-10-24,0.0
2004-10-25,0.0
2004-10-26,0.4620552
2004-10-27,0.0014305115
2004-10-28,1.0991096
2004-10-29,0.12731552
2004-10-30,0.11396408
2004-10-31,0.014781952
2004-11-01,0.030040741
2004-11-02,0.22983551
2004-11-03,0.0
2004-11-04,0.0
2004-11-05,0.0
2004-11-06,0.0
2004-11-07,0.0
2004-11-08,0.0
2004-11-09,0.0
2004-11-10,0.19741058
2004-11-11,0.0
2004-11-12,0.0
2004-11-13,0.0
2004-11-14,0.0
2004-11-15,0.0
2004-11-16,0.0014305115
2004-11-17,0.0019073486
2004-11-18,0.0023841858
2004-11-19,0.9589195
2004-11-20,0.22363663
2004-11-21,0.0
2004-11-22,0.0
2004-11-23,0.0
2004-11-24,0.0
2004-11-25,0.0
2004-11-26,0.26750565
2004-11-27,0.32043457
2004-11-28,0.0
2004-11-29,0.00333786
2004-11-30,0.0
2004-12-01,0.0
2004-12-02,0.028133392
2004-12-03,0.0
2004-12-04,0.0038146973
2004-12-05,0.0
2004-12-06,0.22506714
2004-12-07,0.11110306
2004-12-08,0.00047683716
2004-12-09,0.015258789
2004-12-10,0.6785393
2004-12-11,0.009536743
2004-12-12,0.089645386
2004-12-13,0.002861023
2004-12-14,0.0
2004-12-15,0.0
2004-12-16,0.0019073486
2004-12-17,0.0
2004-12-18,0.0
2004-12-19,0.0
2004-12-20,0.01335144
2004-12-21,0.0
2004-12-22,0.0014305115
2004-12-23,0.0
2004-12-24,0.0
2004-12-25,0.00333786
2004-12-26,0.0
2004-12-27,0.0
2004-12-28,0.0009536743
2004-12-29,0.0
2004-12-30,1.3127327
2004-12-31,0.0
2005-01-01,0.14591217
2005-01-02,0.06723404
2005-01-03,0.0
2005-01-04,0.0009536743
2005-01-05,0.0047683716
2005-01-06,0.012397766
2005-01-07,0.0
2005-01-08,0.0
2005-01-09,0.0019073486
2005-01-10,0.0038146973
2005-01-11,0.04529953
2005-01-12,0.8339882
2005-01-13,0.011920929
2005-01-14,0.0
2005-01-15,0.0
2005-01-16,0.0
2005-01-17,0.0
2005-01-18,0.009536743
2005-01-19,0.00333786
2005-01-20,0.6494522
2005-01-21,0.5021095
2005-01-22,0.18119812
2005-01-23,0.0
2005-01-24,0.0
2005-01-25,0.0
2005-01-26,0.014781952
2005-01-27,0.0
2005-01-28,0.0
2005-01-29,0.02670288
2005-01-30,0.00047683716
2005-01-31,0.024318695
2005-02-01,0.038146973
2005-02-02,0.0009536743
2005-02-03,0.0
2005-02-04,0.0
2005-02-05,0.0
2005-02-06,0.014781952
2005-02-07,0.0
2005-02-08,0.0014305115
2005-02-09,0.0023841858
2005-02-10,0.0
2005-02-11,0.0
2005-02-12,0.0
2005-02-13,0.3671646
2005-02-14,0.9584427
2005-02-15,0.00047683716
2005-02-16,0.0
2005-02-17,0.0
2005-02-18,0.0
2005-02-19,0.0
2005-02-20,0.81682205
2005-02-21,0.00333786
2005-02-22,0.0
2005-02-23,0.0
2005-02-24,0.11396408
2005-02-25,0.021457672
2005-02-26,0.0
2005-02-27,0.00047683716
2005-02-28,0.04053116
2005-03-01,0.00333786
2005-03-02,0.0
2005-03-03,0.0
2005-03-04,0.0
2005-03-05,0.0009536743
2005-03-06,0.0
2005-03-07,0.009536743
2005-03-08,0.0
2005-03-09,0.0
2005-03-10,0.27179718
2005-03-11,0.29563904
2005-03-12,0.002861023
2005-03-13,0.0
2005-03-14,0.03671646
2005-03-15,0.002861023
2005-03-16,0.14019012
2005-03-17,0.0
2005-03-18,0.23269653
2005-03-19,0.05674362
2005-03-20,0.0
2005-03-21,0.0
2005-03-22,0.0
2005-03-23,0.0
2005-03-24,0.0
2005-03-25,0.0
2005-03-26,0.0
2005-03-27,0.0
2005-03-28,0.0
2005-03-29,0.0
2005-03-30,0.49448013
2005-03-31,0.5660057
2005-04-01,0.056266785
2005-04-02,0.0
2005-04-03,0.0
2005-04-04,0.0
2005-04-05,0.0
2005-04-06,0.006198883
2005-04-07,0.0
2005-04-08,0.0
2005-04-09,0.0
2005-04-10,0.062942505
2005-04-11,1.0442734
2005-04-12,1.1234283
2005-04-13,0.0
2005-04-14,0.0
2005-04-15,0.0
2005-04-16,1.2927055
2005-04-17,0.0
2005-04-18,0.0
2005-04-19,1.7895699
2005-04-20,0.0
2005-04-21,0.0
2005-04-22,0.0076293945
2005-04-23,0.0
2005-04-24,0.0
2005-04-25,0.15163422
2005-04-26,0.6866455
2005-04-27,0.012874603
2005-04-28,0.0009536743
2005-04-29,0.036239624
2005-04-30,0.089645386
2005-05-01,0.11777878
2005-05-02,0.0019073486
2005-05-03,0.0
2005-05-04,0.0
2005-05-05,0.0
2005-05-06,0.031471252
2005-05-07,0.0
2005-05-08,1.3046265
2005-05-09,0.3361702
2005-05-10,0.0872612
2005-05-11,0.45394897
2005-05-12,3.636837
2005-05-13,1.2068748
2005-05-14,0.60129166
2005-05-15,0.0
2005-05-16,0.3232956
2005-05-17,0.0009536743
2005-05-18,0.3323555
2005-05-19,0.71048737
2005-05-20,0.0
2005-05-21,0.11110306
2005-05-22,0.041007996
2005-05-23,0.0
2005-05-24,0.0
2005-05-25,0.0047683716
2005-05-26,0.15735626
2005-05-27,0.1487732
2005-05-28,0.07867813
2005-05-29,0.00667572
2005-05-30,0.0
2005-05-31,0.0
2005-06-01,0.092983246
2005-06-02,0.0
2005-06-03,0.0
2005-06-04,1.7118454
2005-06-05,0.078201294
2005-06-06,0.002861023
2005-06-07,0.0
2005-06-08,0.032901764
2005-06-09,0.0
2005-06-10,1.5983582
2005-06-11,1.0652542
2005-06-12,0.0
2005-06-13,0.497818
2005-06-14,0.7305145
2005-06-15,0.054836273
2005-06-16,0.0
2005-06-17,0.0
2005-06-18,0.0
2005-06-19,0.0
2005-06-20,0.0
2005-06-21,0.024795532
2005-06-22,0.0
2005-06-23,0.0
2005-06-24,0.0
2005-06-25,0.0
2005-06-26,0.00047683716
2005-06-27,0.10871887
2005-06-28,0.00047683716
2005-06-29,0.0
2005-06-30,0.1282692
2005-07-01,0.0
2005-07-02,0.0
2005-07-03,0.0
2005-07-04,0.0
2005-07-05,0.03862381
2005-07-06,0.0
2005-07-07,0.1001358
2005-07-08,0.00047683716
2005-07-09,0.0009536743
2005-07-10,0.0
2005-07-11,0.0052452087
2005-07-12,0.006198883
2005-07-13,0.030517578
2005-07-14,0.02002716
2005-07-15,0.00047683716
2005-07-16,0.00333786
2005-07-17,0.0
2005-07-18,0.010967255
2005-07-19,0.0
2005-07-20,0.0872612
2005-07-21,0.0
2005-07-22,0.0
2005-07-23,0.0
2005-07-24,0.026226044
2005-07-25,0.3604889
2005-07-26,2.1362305
2005-07-27,0.0
2005-07-28,0.02336502
2005-07-29,0.019550323
2005-07-30,0.0
2005-07-31,0.0
2005-08-01,0.0
2005-08-02,0.0
2005-08-03,0.005722046
2005-08-04,0.0
2005-08-05,0.0
2005-08-06,0.0
2005-08-07,0.0
2005-08-08,0.0
2005-08-09,0.0
2005-08-10,0.0
2005-08-11,0.0
2005-08-12,0.0
2005-08-13,0.0
2005-08-14,0.0
2005-08-15,0.0
2005-08-16,0.04720688
2005-08-17,0.48351288
2005-08-18,0.41246414
2005-08-19,0.0
2005-08-20,0.17166138
2005-08-21,0.0
2005-08-22,0.0
2005-08-23,0.0
2005-08-24,0.0
2005-08-25,0.0038146973
2005-08-26,1.294136
2005-08-27,0.0
2005-08-28,0.0009536743
2005-08-29,0.06866455
2005-08-30,0.00047683716
2005-08-31,0.0
2005-09-01,0.0
2005-09-02,0.0
2005-09-03,0.0
2005-09-04,2.064705
2005-09-05,0.0
2005-09-06,0.47159195
2005-09-07,0.028133392
2005-09-08,0.49114227
2005-09-09,0.00047683716
2005-09-10,0.0
2005-09-11,0.0
2005-09-12,1.1301041
2005-09-13,1.1930466
2005-09-14,0.0
2005-09-15,0.0
2005-09-16,0.0
2005-09-17,0.0
2005-09-18,0.0
2005-09-19,0.021457672
2005-09-20,0.0
2005-09-21,0.0
2005-09-22,1.1725426
2005-09-23,0.0
2005-09-24,0.035762787
2005-09-25,3.6334991
2005-09-26,0.045776367
2005-09-27,0.0
2005-09-28,0.025749207
2005-09-29,0.0
2005-09-30,0.0
2005-10-01,0.0
2005-10-02,0.029563904
2005-10-03,0.00047683716
2005-10-04,1.6403198
2005-10-05,0.43535233
2005-10-06,0.0
2005-10-07,0.017642975
2005-10-08,0.0
2005-10-09,0.0
2005-10-10,0.0
2005-10-11,0.0
2005-10-12,0.114917755
2005-10-13,0.1654625
2005-10-14,0.0
2005-10-15,0.0
2005-10-16,0.0
2005-10-17,0.0
2005-10-18,0.0
2005-10-19,0.0
2005-10-20,0.0
2005-10-21,0.016212463
2005-10-22,0.0
2005-10-23,0.008583069
2005-10-24,0.0
2005-10-25,0.0
2005-10-26,0.0
2005-10-27,0.0
2005-10-28,0.0
2005-10-29,0.0
2005-10-30,1.6274452
2005-10-31,0.0
2005-11-01,0.0705719
2005-11-02,0.0
2005-11-03,0.0
2005-11-04,0.0
2005-11-05,0.36001205
2005-11-06,0.0
2005-11-07,0.0
2005-11-08,0.0
2005-11-09,0.0038146973
2005-11-10,0.0
2005-11-11,0.0
2005-11-12,0.0
2005-11-13,0.22888184
2005-11-14,0.0
2005-11-15,0.6508827
2005-11-16,0.09012222
2005-11-17,0.0
2005-11-18,0.002861023
2005-11-19,0.0023841858
2005-11-20,0.0014305115
2005-11-21,0.0
2005-11-22,0.0023841858
2005-11-23,0.06389618
2005-11-24,0.0014305115
2005-11-25,0.5965233
2005-11-26,0.0009536743
2005-11-27,0.002861023
2005-11-28,4.1828156
2005-11-29,0.32949448
2005-11-30,0.0009536743
2005-12-01,0.25463104
2005-12-02,0.00047683716
2005-12-03,0.12397766
2005-12-04,0.00047683716
2005-12-05,0.014781952
2005-12-06,0.0019073486
2005-12-07,0.0009536743
2005-12-08,0.0009536743
2005-12-09,0.0009536743
2005-12-10,0.03671646
2005-12-11,0.008106232
2005-12-12,0.041484833
2005-12-13,0.0014305115
2005-12-14,1.1615753
2005-12-15,0.13637543
2005-12-16,0.07104874
2005-12-17,0.0052452087
2005-12-18,0.009059906
2005-12-19,0.0
2005-12-20,0.0
2005-12-21,0.0023841858
2005-12-22,0.0
2005-12-23,0.0
2005-12-24,0.10347366
2005-12-25,0.044822693
2005-12-26,0.00047683716
2005-12-27,0.00047683716
2005-12-28,0.008106232
2005-12-29,0.0023841858
2005-12-30,1.0795593
2005-12-31,0.0076293945
2006-01-01,0.0009536743
2006-01-02,0.005722046
2006-01-03,0.00667572
2006-01-04,0.48828125
2006-01-05,0.0014305115
2006-01-06,0.01335144
2006-01-07,0.0009536743
2006-01-08,0.014305115
2006-01-09,0.006198883
2006-01-10,0.00047683716
2006-01-11,0.0
2006-01-12,0.035762787
2006-01-13,0.0076293945
2006-01-14,0.0
2006-01-15,0.0
2006-01-16,0.10251999
2006-01-17,0.082969666
2006-01-18,0.008106232
2006-01-19,0.23317337
2006-01-20,0.0023841858
2006-01-21,0.0
2006-01-22,0.0
2006-01-23,0.00023841858
2006-01-24,0.09536743
2006-01-25,0.0042915344
2006-01-26,0.0
2006-01-27,0.28944016
2006-01-28,0.0
2006-01-29,0.25320053
2006-01-30,0.034332275
2006-01-31,0.0038146973
2006-02-01,1.0714531
2006-02-02,0.0
2006-02-03,0.008106232
2006-02-04,0.0014305115
2006-02-05,0.0
2006-02-06,0.0
2006-02-07,0.00047683716
2006-02-08,0.0
2006-02-09,0.03528595
2006-02-10,0.1745224
2006-02-11,0.030040741
2006-02-12,0.014305115
2006-02-13,0.00047683716
2006-02-14,0.10204315
2006-02-15,0.0
2006-02-16,0.15878677
2006-02-17,0.0
2006-02-18,0.0
2006-02-19,0.0
2006-02-20,0.0
2006-02-21,0.0
2006-02-22,0.0
2006-02-23,0.0
2006-02-24,0.0
2006-02-25,0.0009536743
2006-02-26,0.0
2006-02-27,0.076293945
2006-02-28,0.0
2006-03-01,0.0
2006-03-02,0.002861023
2006-03-03,0.0
2006-03-04,0.0
2006-03-05,0.2951622
2006-03-06,0.0042915344
2006-03-07,0.0
2006-03-08,0.002861023
2006-03-09,0.014781952
2006-03-10,0.00047683716
2006-03-11,0.029087067
2006-03-12,0.0
2006-03-13,0.7171631
2006-03-14,0.006198883
2006-03-15,0.0
2006-03-16,0.55265427
2006-03-17,0.0
2006-03-18,0.0
2006-03-19,0.0
2006-03-20,0.0
2006-03-21,0.0
2006-03-22,0.0
2006-03-23,0.08201599
2006-03-24,0.08249283
2006-03-25,0.011444092
2006-03-26,0.0
2006-03-27,0.11920929
2006-03-28,0.0
2006-03-29,0.0
2006-03-30,0.015735626
2006-03-31,3.0608177
2006-04-01,0.0
2006-04-02,1.7285347
2006-04-03,0.017166138
2006-04-04,0.0
2006-04-05,0.0
2006-04-06,0.0
2006-04-07,0.2641678
2006-04-08,0.0
2006-04-09,0.0
2006-04-10,0.0
2006-04-11,0.0009536743
2006-04-12,0.0104904175
2006-04-13,0.0
2006-04-14,0.0
2006-04-15,0.0
2006-04-16,0.0019073486
2006-04-17,0.0
2006-04-18,0.0
2006-04-19,0.33473969
2006-04-20,0.030040741
2006-04-21,0.07009506
2006-04-22,0.0
2006-04-23,0.0
2006-04-24,0.0
2006-04-25,0.0
2006-04-26,0.0
2006-04-27,0.0
2006-04-28,0.0
2006-04-29,0.9636879
2006-04-30,1.6560555
2006-05-01,0.40769577
2006-05-02,0.0
2006-05-03,0.0
2006-05-04,0.0023841858
2006-05-05,0.0
2006-05-06,0.0
2006-05-07,0.0
2006-05-08,0.95653534
2006-05-09,0.50878525
2006-05-10,0.026226044
2006-05-11,0.0009536743
2006-05-12,0.45490265
2006-05-13,0.16498566
2006-05-14,0.29277802
2006-05-15,0.11730194
2006-05-16,0.021457672
2006-05-17,0.020980835
2006-05-18,0.0
2006-05-19,0.0
2006-05-20,0.025749207
2006-05-21,0.0
2006-05-22,0.0
2006-05-23,0.059127808
2006-05-24,0.08678436
2006-05-25,0.03671646
2006-05-26,0.0076293945
2006-05-27,0.0
2006-05-28,0.22268295
2006-05-29,0.0
2006-05-30,0.0
2006-05-31,0.0
2006-06-01,0.01001358
2006-06-02,0.02002716
2006-06-03,0.0
2006-06-04,0.0
2006-06-05,0.0
2006-06-06,2.1977425
2006-06-07,0.0
2006-06-08,0.0
2006-06-09,0.0
2006-06-10,0.40960312
2006-06-11,0.53310394
2006-06-12,0.0
2006-06-13,0.0
2006-06-14,0.0
2006-06-15,0.0
2006-06-16,0.0371933
2006-06-17,0.116825104
2006-06-18,0.0
2006-06-19,0.0009536743
2006-06-20,0.22935867
2006-06-21,0.12397766
2006-06-22,0.0023841858
2006-06-23,0.0014305115
2006-06-24,2.5019646
2006-06-25,0.17261505
2006-06-26,0.0
2006-06-27,0.03528595
2006-06-28,0.002861023
2006-06-29,0.0
2006-06-30,0.0
2006-07-01,0.0
2006-07-02,0.0
2006-07-03,0.08869171
2006-07-04,0.0
2006-07-05,0.0
2006-07-06,0.0
2006-07-07,0.0
2006-07-08,0.013828278
2006-07-09,0.0
2006-07-10,0.0
2006-07-11,0.0009536743
2006-07-12,0.0
2006-07-13,0.0
2006-07-14,1.5478134
2006-07-15,0.0
2006-07-16,0.0
2006-07-17,0.0014305115
2006-07-18,0.0
2006-07-19,0.0
2006-07-20,0.0
2006-07-21,0.0
2006-07-22,0.0076293945
2006-07-23,0.0
2006-07-24,0.030040741
2006-07-25,0.667572
2006-07-26,1.3370514
2006-07-27,0.0
2006-07-28,0.018119812
2006-07-29,0.0
2006-07-30,0.0
2006-07-31,0.0
2006-08-01,0.10967255
2006-08-02,4.3230057
2006-08-03,0.0
2006-08-04,0.009059906
2006-08-05,0.14209747
2006-08-06,6.471157
2006-08-07,0.0
2006-08-08,0.0
2006-08-09,0.0
2006-08-10,0.06818771
2006-08-11,0.07581711
2006-08-12,0.00047683716
2006-08-13,0.83589554
2006-08-14,0.0
2006-08-15,0.0
2006-08-16,0.0
2006-08-17,0.02527237
2006-08-18,0.01859665
2006-08-19,0.0166893
2006-08-20,0.0
2006-08-21,0.06580353
2006-08-22,0.0
2006-08-23,0.016212463
2006-08-24,0.09346008
2006-08-25,0.07247925
2006-08-26,0.0
2006-08-27,0.0
2006-08-28,0.26845932
2006-08-29,0.049591064
2006-08-30,0.032424927
2006-08-31,0.0
2006-09-01,0.0
2006-09-02,0.05674362
2006-09-03,1.6527176
2006-09-04,0.28896332
2006-09-05,0.0
2006-09-06,0.0047683716
2006-09-07,0.00047683716
2006-09-08,0.051021576
2006-09-09,0.0023841858
2006-09-10,0.0023841858
2006-09-11,0.0019073486
2006-09-12,0.0
2006-09-13,0.0
2006-09-14,0.0
2006-09-15,0.0
2006-09-16,0.10251999
2006-09-17,0.93078613
2006-09-18,0.22697449
2006-09-19,0.074863434
2006-09-20,0.0
2006-09-21,0.0
2006-09-22,1.9760132
2006-09-23,0.23984909
2006-09-24,0.0
2006-09-25,0.0
2006-09-26,0.0
2006-09-27,1.8405914
2006-09-28,0.025749207
2006-09-29,0.081539154
2006-09-30,0.17261505
2006-10-01,0.0
2006-10-02,0.0
2006-10-03,0.0
2006-10-04,4.0197372
2006-10-05,0.0
2006-10-06,0.0
2006-10-07,0.0
2006-10-08,0.02002716
2006-10-09,0.0
2006-10-10,0.0
2006-10-11,0.120162964
2006-10-12,0.22506714
2006-10-13,0.02670288
2006-10-14,0.0
2006-10-15,0.0
2006-10-16,0.32901764
2006-10-17,0.10871887
2006-10-18,0.1039505
2006-10-19,0.0
2006-10-20,0.00333786
2006-10-21,0.0
2006-10-22,0.039577484
2006-10-23,0.06723404
2006-10-24,0.00047683716
2006-10-25,0.0
2006-10-26,0.0
2006-10-27,0.0
2006-10-28,0.0
2006-10-29,0.0
2006-10-30,0.0
2006-10-31,0.0
2006-11-01,0.0038146973
2006-11-02,0.0047683716
2006-11-03,0.0
2006-11-04,0.0014305115
2006-11-05,0.0
2006-11-06,0.0
2006-11-07,0.00047683716
2006-11-08,0.13256073
2006-11-09,0.0
2006-11-10,0.16069412
2006-11-11,0.0
2006-11-12,0.0
2006-11-13,0.3452301
2006-11-14,0.0
2006-11-15,0.0
2006-11-16,0.00047683716
2006-11-17,0.0
2006-11-18,0.0166893
2006-11-19,0.0
2006-11-20,0.0
2006-11-21,0.0
2006-11-22,0.0
2006-11-23,0.0
2006-11-24,0.0
2006-11-25,0.0
2006-11-26,0.0
2006-11-27,1.6846657
2006-11-28,3.5552979
2006-11-29,0.00047683716
2006-11-30,0.0
2006-12-01,0.0
2006-12-02,0.0
2006-12-03,0.00047683716
2006-12-04,0.00667572
2006-12-05,0.012874603
2006-12-06,0.031471252
2006-12-07,0.0
2006-12-08,0.0
2006-12-09,0.0
2006-12-10,0.0
2006-12-11,0.0
2006-12-12,0.17166138
2006-12-13,0.0038146973
2006-12-14,0.0
2006-12-15,0.0009536743
2006-12-16,0.0
2006-12-17,0.0
2006-12-18,0.0
2006-12-19,0.0
2006-12-20,0.0
2006-12-21,2.122879
2006-12-22,0.5092621
2006-12-23,0.0019073486
2006-12-24,0.0
2006-12-25,0.0
2006-12-26,0.0
2006-12-27,0.02861023
2006-12-28,0.09870529
2006-12-29,0.05674362
2006-12-30,0.38814545
2006-12-31,2.231121
2007-01-01,0.029087067
2007-01-02,0.0
2007-01-03,0.0
2007-01-04,0.0
2007-01-05,0.08440018
2007-01-06,0.0009536743
2007-01-07,0.049591064
2007-01-08,0.0
2007-01-09,0.0
2007-01-10,0.0
2007-01-11,0.0
2007-01-12,0.0009536743
2007-01-13,0.0
2007-01-14,0.0
2007-01-15,0.52022934
2007-01-16,0.0
2007-01-17,0.0
2007-01-18,0.0038146973
2007-01-19,0.0019073486
2007-01-20,0.0
2007-01-21,0.4324913
2007-01-22,0.00047683716
2007-01-23,0.0
2007-01-24,0.04529953
2007-01-25,0.0014305115
2007-01-26,0.00047683716
2007-01-27,0.0023841858
2007-01-28,0.0071525574
2007-01-29,0.19598007
2007-01-30,0.008106232
2007-01-31,0.0
2007-02-01,0.002861023
2007-02-02,0.018119812
2007-02-03,0.027656555
2007-02-04,0.0009536743
2007-02-05,0.0
2007-02-06,0.15544891
2007-02-07,0.0
2007-02-08,0.0
2007-02-09,0.0
2007-02-10,0.0
2007-02-11,0.0014305115
2007-02-12,0.0
2007-02-13,0.0071525574
2007-02-14,0.0
2007-02-15,0.0
2007-02-16,0.0
2007-02-17,0.0019073486
2007-02-18,0.0
2007-02-19,0.00047683716
2007-02-20,0.0
2007-02-21,0.21791458
2007-02-22,0.0
2007-02-23,0.0071525574
2007-02-24,1.0108948
2007-02-25,1.8672943
2007-02-26,0.08583069
2007-02-27,0.019073486
2007-02-28,0.0014305115
2007-03-01,1.5015602
2007-03-02,0.41389465
2007-03-03,0.024318695
2007-03-04,0.0
2007-03-05,0.0019073486
2007-03-06,0.10681152
2007-03-07,0.009059906
2007-03-08,0.0
2007-03-09,0.0
2007-03-10,0.0
2007-03-11,0.0
2007-03-12,0.0
2007-03-13,0.0
2007-03-14,0.01001358
2007-03-15,0.026226044
2007-03-16,0.0019073486
2007-03-17,0.0
2007-03-18,0.0
2007-03-19,0.00047683716
2007-03-20,0.0
2007-03-21,0.11634827
2007-03-22,0.0
2007-03-23,0.0
2007-03-24,0.0
2007-03-25,0.3619194
2007-03-26,0.0
2007-03-27,0.0
2007-03-28,1.162529
2007-03-29,0.026226044
2007-03-30,0.8406639
2007-03-31,0.38671494
2007-04-01,0.3299713
2007-04-02,0.0
2007-04-03,1.0390282
2007-04-04,0.071525574
2007-04-05,0.0
2007-04-06,0.0
2007-04-07,0.00047683716
2007-04-08,0.0
2007-04-09,0.0
2007-04-10,0.034332275
2007-04-11,0.5841255
2007-04-12,0.05197525
2007-04-13,0.0
2007-04-14,0.0
2007-04-15,0.0
2007-04-16,0.0
2007-04-17,0.19836426
2007-04-18,0.0
2007-04-19,0.0
2007-04-20,0.0
2007-04-21,0.0
2007-04-22,0.0
2007-04-23,0.1411438
2007-04-24,0.0
2007-04-25,0.0
2007-04-26,0.0
2007-04-27,0.0
2007-04-28,0.0
2007-04-29,0.0
2007-04-30,0.07390976
2007-05-01,0.0
2007-05-02,0.0
2007-05-03,0.0
2007-05-04,0.8211136
2007-05-05,0.013828278
2007-05-06,0.0
2007-05-07,0.32663345
2007-05-08,0.078201294
2007-05-09,0.002861023
2007-05-10,0.0
2007-05-11,0.0
2007-05-12,0.14448166
2007-05-13,2.1619797
2007-05-14,0.0
2007-05-15,0.0
2007-05-16,0.008106232
2007-05-17,0.0
2007-05-18,0.0
2007-05-19,0.0
2007-05-20,0.41341782
2007-05-21,0.018119812
2007-05-22,0.002861023
2007-05-23,1.9874573
2007-05-24,3.0374527
2007-05-25,0.0
2007-05-26,2.110958
2007-05-27,0.0
2007-05-28,0.0014305115
2007-05-29,0.06532669
2007-05-30,0.019073486
2007-05-31,0.054359436
2007-06-01,0.0076293945
2007-06-02,2.5110245
2007-06-03,0.0371933
2007-06-04,0.0333786
2007-06-05,0.020503998
2007-06-06,0.35095215
2007-06-07,0.02193451
2007-06-08,0.14257431
2007-06-09,0.0
2007-06-10,0.008583069
2007-06-11,0.0
2007-06-12,0.0
2007-06-13,0.0
2007-06-14,0.0
2007-06-15,0.0
2007-06-16,0.0009536743
2007-06-17,0.23460388
2007-06-18,1.730442
2007-06-19,0.0
2007-06-20,0.0
2007-06-21,0.99897385
2007-06-22,1.1043549
2007-06-23,0.0
2007-06-24,0.0
2007-06-25,0.0
2007-06-26,0.0
2007-06-27,0.0
2007-06-28,0.0
2007-06-29,0.0
2007-06-30,0.0
2007-07-01,0.0
2007-07-02,0.19645691
2007-07-03,0.4081726
2007-07-04,0.005722046
2007-07-05,0.031471252
2007-07-06,0.0
2007-07-07,0.0
2007-07-08,0.0
2007-07-09,0.0
2007-07-10,0.0
2007-07-11,0.0
2007-07-12,0.0
2007-07-13,0.0
2007-07-14,0.0052452087
2007-07-15,0.0
2007-07-16,0.061035156
2007-07-17,0.01001358
2007-07-18,0.00667572
2007-07-19,0.0
2007-07-20,0.0
2007-07-21,0.0
2007-07-22,0.0
2007-07-23,0.2708435
2007-07-24,0.03194809
2007-07-25,0.0
2007-07-26,0.0076293945
2007-07-27,0.6933212
2007-07-28,0.0
2007-07-29,0.0
2007-07-30,0.0
2007-07-31,0.0
2007-08-01,0.0
2007-08-02,0.0
2007-08-03,0.0
2007-08-04,1.0986328
2007-08-05,0.034332275
2007-08-06,0.0
2007-08-07,0.012397766
2007-08-08,0.0
2007-08-09,0.0047683716
2007-08-10,0.0
2007-08-11,0.0
2007-08-12,0.0
2007-08-13,0.0
2007-08-14,2.0871162
2007-08-15,0.3452301
2007-08-16,0.0
2007-08-17,0.0
2007-08-18,2.3064613
2007-08-19,0.99897385
2007-08-20,0.29611588
2007-08-21,5.9423447
2007-08-22,0.33664703
2007-08-23,0.89645386
2007-08-24,0.0
2007-08-25,0.0
2007-08-26,0.0
2007-08-27,0.0
2007-08-28,0.8215904
2007-08-29,0.0
2007-08-30,0.0
2007-08-31,0.0
2007-09-01,0.0
2007-09-02,0.0
2007-09-03,0.0
2007-09-04,0.0
2007-09-05,0.002861023
2007-09-06,0.0038146973
2007-09-07,0.9384155
2007-09-08,0.0
2007-09-09,0.4787445
2007-09-10,0.0
2007-09-11,0.0
2007-09-12,0.0
2007-09-13,0.032424927
2007-09-14,0.0047683716
2007-09-15,0.0
2007-09-16,0.0
2007-09-17,0.0
2007-09-18,0.5841255
2007-09-19,0.011444092
2007-09-20,0.0
2007-09-21,0.0042915344
2007-09-22,0.0
2007-09-23,0.0
2007-09-24,0.047683716
2007-09-25,0.028133392
2007-09-26,0.0
2007-09-27,0.005722046
2007-09-28,0.0
2007-09-29,0.24414062
2007-09-30,0.9498596
2007-10-01,0.0042915344
2007-10-02,0.00333786
2007-10-03,0.0
2007-10-04,0.0
2007-10-05,0.22602081
2007-10-06,0.0009536743
2007-10-07,0.23555756
2007-10-08,0.01335144
2007-10-09,0.0
2007-10-10,0.0
2007-10-11,0.0
2007-10-12,0.0
2007-10-13,0.0
2007-10-14,0.08058548
2007-10-15,1.3160706
2007-10-16,1.3837814
2007-10-17,0.0009536743
2007-10-18,2.7160645
2007-10-19,1.6169548
2007-10-20,0.0
2007-10-21,0.01001358
2007-10-22,0.0
2007-10-23,0.0
2007-10-24,0.0
2007-10-25,0.0
2007-10-26,0.0
2007-10-27,0.0
2007-10-28,0.0
2007-10-29,0.0
2007-10-30,0.0
2007-10-31,0.0
2007-11-01,0.0
2007-11-02,0.0
2007-11-03,0.0
2007-11-04,0.0
2007-11-05,0.04673004
2007-11-06,0.022888184
2007-11-07,0.0
2007-11-08,0.0
2007-11-09,0.00667572
2007-11-10,0.0
2007-11-11,0.0
2007-11-12,0.0
2007-11-13,0.0
2007-11-14,0.020980835
2007-11-15,0.0019073486
2007-11-16,0.0
2007-11-17,0.013828278
2007-11-18,0.0
2007-11-19,0.0
2007-11-20,0.0
2007-11-21,0.0023841858
2007-11-22,0.020980835
2007-11-23,0.0
2007-11-24,0.0
2007-11-25,0.0
2007-11-26,0.0
2007-11-27,0.08392334
2007-11-28,0.0
2007-11-29,0.0
2007-11-30,0.0
2007-12-01,1.7147064
2007-12-02,0.18596649
2007-12-03,0.0052452087
2007-12-04,0.8325577
2007-12-05,0.01335144
2007-12-06,0.04386902
2007-12-07,0.002861023
2007-12-08,0.0
2007-12-09,0.20360947
2007-12-10,0.0
2007-12-11,0.0009536743
2007-12-12,0.0
2007-12-13,0.0
2007-12-14,0.0047683716
2007-12-15,0.0
2007-12-16,0.027179718
2007-12-17,0.00667572
2007-12-18,0.0
2007-12-19,0.0
2007-12-20,0.00047683716
2007-12-21,0.0023841858
2007-12-22,0.14400482
2007-12-23,0.5722046
2007-12-24,0.011444092
2007-12-25,0.036239624
2007-12-26,0.4916191
2007-12-27,0.013828278
2007-12-28,0.0371933
2007-12-29,0.016212463
2007-12-30,0.011920929
2007-12-31,0.048160553
2008-01-01,0.027656555
2008-01-02,0.0038146973
2008-01-03,0.0
2008-01-04,0.0
2008-01-05,0.0
2008-01-06,0.008583069
2008-01-07,0.16307831
2008-01-08,0.0052452087
2008-01-09,0.0019073486
2008-01-10,0.23555756
2008-01-11,0.010967255
2008-01-12,0.060081482
2008-01-13,0.009059906
2008-01-14,0.01859665
2008-01-15,0.0
2008-01-16,0.0019073486
2008-01-17,0.039100647
2008-01-18,0.0047683716
2008-01-19,0.0009536743
2008-01-20,0.0
2008-01-21,0.079631805
2008-01-22,0.020503998
2008-01-23,0.0009536743
2008-01-24,0.0
2008-01-25,0.0
2008-01-26,0.03385544
2008-01-27,0.0
2008-01-28,0.0
2008-01-29,0.15163422
2008-01-30,0.0
2008-01-31,0.0014305115
2008-02-01,0.0
2008-02-02,0.05340576
2008-02-03,0.00333786
2008-02-04,0.4901886
2008-02-05,0.002861023
2008-02-06,0.009059906
2008-02-07,0.0023841858
2008-02-08,0.034809113
2008-02-09,0.67329407
2008-02-10,0.00047683716
2008-02-11,0.0042915344
2008-02-12,0.0023841858
2008-02-13,0.0038146973
2008-02-14,0.78868866
2008-02-15,0.017166138
2008-02-16,0.0
2008-02-17,0.0009536743
2008-02-18,0.2117157
2008-02-19,0.0009536743
2008-02-20,0.0038146973
2008-02-21,0.0
2008-02-22,0.0019073486
2008-02-23,0.0
2008-02-24,0.0019073486
2008-02-25,0.0014305115
2008-02-26,0.021457672
2008-02-27,0.006198883
2008-02-28,0.048160553
2008-02-29,0.47159195
2008-03-01,0.0
2008-03-02,0.0
2008-03-03,0.0052452087
2008-03-04,0.0
2008-03-05,0.1282692
2008-03-06,0.0
2008-03-07,0.0
2008-03-08,0.019550323
2008-03-09,0.03671646
2008-03-10,0.0
2008-03-11,0.0
2008-03-12,0.008106232
2008-03-13,0.07772446
2008-03-14,0.0
2008-03-15,0.0019073486
2008-03-16,0.0
2008-03-17,0.19311905
2008-03-18,0.31137466
2008-03-19,0.0
2008-03-20,0.0
2008-03-21,1.1467934
2008-03-22,0.12922287
2008-03-23,0.10251999
2008-03-24,0.0
2008-03-25,0.008583069
2008-03-26,0.0
2008-03-27,0.0009536743
2008-03-28,0.0
2008-03-29,0.0
2008-03-30,0.0104904175
2008-03-31,4.630089
2008-04-01,0.3771782
2008-04-02,0.0
2008-04-03,0.0
2008-04-04,0.0023841858
2008-04-05,0.0
2008-04-06,0.5288124
2008-04-07,0.0
2008-04-08,0.0
2008-04-09,0.0009536743
2008-04-10,0.17356873
2008-04-11,0.8678436
2008-04-12,0.2503395
2008-04-13,0.0
2008-04-14,0.0
2008-04-15,0.0
2008-04-16,0.0
2008-04-17,0.16784668
2008-04-18,0.1578331
2008-04-19,0.0042915344
2008-04-20,0.0
2008-04-21,0.0
2008-04-22,1.3318062
2008-04-23,0.0
2008-04-24,1.1582375
2008-04-25,2.4747849
2008-04-26,0.64611435
2008-04-27,0.00047683716
2008-04-28,0.04863739
2008-04-29,0.0
2008-04-30,0.0
2008-05-01,0.0
2008-05-02,3.9577484
2008-05-03,2.3026466
2008-05-04,0.0
2008-05-05,0.0
2008-05-06,0.20122528
2008-05-07,1.958847
2008-05-08,0.0009536743
2008-05-09,0.0
2008-05-10,0.18596649
2008-05-11,1.3394356
2008-05-12,0.012397766
2008-05-13,0.00333786
2008-05-14,0.0
2008-05-15,0.0
2008-05-16,0.02861023
2008-05-17,0.0371933
2008-05-18,0.0
2008-05-19,0.042915344
2008-05-20,0.0
2008-05-21,0.0
2008-05-22,0.0
2008-05-23,0.0
2008-05-24,0.0
2008-05-25,3.69215
2008-05-26,0.07247925
2008-05-27,0.0
2008-05-28,0.0
2008-05-29,1.326561
2008-05-30,0.57315826
2008-05-31,0.013828278
2008-06-01,0.0014305115
2008-06-02,0.0
2008-06-03,0.9999275
2008-06-04,0.02193451
2008-06-05,0.19836426
2008-06-06,2.371788
2008-06-07,0.4401207
2008-06-08,0.00047683716
2008-06-09,0.0
2008-06-10,0.0076293945
2008-06-11,2.7050972
2008-06-12,4.5614243
2008-06-13,0.0071525574
2008-06-14,0.06055832
2008-06-15,0.0009536743
2008-06-16,0.0023841858
2008-06-17,0.00047683716
2008-06-18,0.0
2008-06-19,0.00047683716
2008-06-20,0.015735626
2008-06-21,0.009059906
2008-06-22,0.039100647
2008-06-23,0.0
2008-06-24,0.0
2008-06-25,0.062942505
2008-06-26,0.0
2008-06-27,0.26512146
2008-06-28,0.07677078
2008-06-29,0.0019073486
2008-06-30,0.0
2008-07-01,0.0
2008-07-02,1.1239052
2008-07-03,0.0009536743
2008-07-04,0.0
2008-07-05,0.0
2008-07-06,0.0
2008-07-07,1.357317
2008-07-08,0.0
2008-07-09,0.01335144
2008-07-10,0.0
2008-07-11,0.0
2008-07-12,0.0
2008-07-13,0.0
2008-07-14,0.0
2008-07-15,0.0
2008-07-16,0.022888184
2008-07-17,0.012874603
2008-07-18,0.0
2008-07-19,0.0
2008-07-20,0.14257431
2008-07-21,0.024318695
2008-07-22,0.0023841858
2008-07-23,0.0
2008-07-24,0.0
2008-07-25,0.061511993
2008-07-26,0.0
2008-07-27,0.07247925
2008-07-28,0.0
2008-07-29,0.054359436
2008-07-30,0.0
2008-07-31,0.0
2008-08-01,0.0
2008-08-02,0.0
2008-08-03,0.032901764
2008-08-04,0.0
2008-08-05,0.00047683716
2008-08-06,0.0
2008-08-07,0.0
2008-08-08,0.0
2008-08-09,2.192974
2008-08-10,0.0
2008-08-11,0.0
2008-08-12,0.04053116
2008-08-13,0.0104904175
2008-08-14,0.022888184
2008-08-15,0.0
2008-08-16,0.008583069
2008-08-17,0.00047683716
2008-08-18,0.0
2008-08-19,0.00333786
2008-08-20,0.11634827
2008-08-21,0.0
2008-08-22,0.0
2008-08-23,0.0
2008-08-24,0.0
2008-08-25,0.0
2008-08-26,0.0
2008-08-27,0.00047683716
2008-08-28,1.1219978
2008-08-29,0.0
2008-08-30,0.0
2008-08-31,0.0
2008-09-01,0.0
2008-09-02,0.5083084
2008-09-03,0.0
2008-09-04,0.116825104
2008-09-05,0.012874603
2008-09-06,0.0014305115
2008-09-07,0.17976761
2008-09-08,0.00667572
2008-09-09,0.0
2008-09-10,0.0
2008-09-11,0.7324219
2008-09-12,0.0047683716
2008-09-13,0.5145073
2008-09-14,0.40578842
2008-09-15,0.00047683716
2008-09-16,0.0
2008-09-17,0.0
2008-09-18,0.0
2008-09-19,0.0
2008-09-20,0.0
2008-09-21,0.0
2008-09-22,0.07390976
2008-09-23,0.0
2008-09-24,0.04863739
2008-09-25,0.0
2008-09-26,0.0
2008-09-27,4.8208237
2008-09-28,0.013828278
2008-09-29,0.48303604
2008-09-30,0.0009536743
2008-10-01,0.0
2008-10-02,0.0
2008-10-03,0.0
2008-10-04,0.0
2008-10-05,0.5631447
2008-10-06,0.0009536743
2008-10-07,1.9574165
2008-10-08,0.0
2008-10-09,0.0
2008-10-10,0.2541542
2008-10-11,0.04196167
2008-10-12,0.0166893
2008-10-13,0.8211136
2008-10-14,0.0
2008-10-15,0.0
2008-10-16,0.0
2008-10-17,0.0
2008-10-18,0.0
2008-10-19,0.0
2008-10-20,0.40626526
2008-10-21,0.0
2008-10-22,0.1578331
2008-10-23,0.030517578
2008-10-24,0.22554398
2008-10-25,0.07247925
2008-10-26,0.374794
2008-10-27,0.018119812
2008-10-28,0.0
2008-10-29,0.0
2008-10-30,0.0
2008-10-31,0.0
2008-11-01,0.0
2008-11-02,0.02527237
2008-11-03,0.0
2008-11-04,0.0009536743
2008-11-05,0.16641617
2008-11-06,0.7457733
2008-11-07,0.70524216
2008-11-08,0.22888184
2008-11-09,0.002861023
2008-11-10,0.0
2008-11-11,0.30374527
2008-11-12,0.31089783
2008-11-13,0.092983246
2008-11-14,0.0023841858
2008-11-15,0.0166893
2008-11-16,0.02861023
2008-11-17,0.012397766
2008-11-18,0.0
2008-11-19,0.0
2008-11-20,0.0042915344
2008-11-21,0.00047683716
2008-11-22,0.0
2008-11-23,0.0023841858
2008-11-24,0.0
2008-11-25,0.04673004
2008-11-26,0.0
2008-11-27,0.0071525574
2008-11-28,0.0
2008-11-29,0.0
2008-11-30,0.057697296
2008-12-01,0.0042915344
2008-12-02,0.0
2008-12-03,0.47969818
2008-12-04,0.05340576
2008-12-05,0.0
2008-12-06,0.1001358
2008-12-07,0.32138824
2008-12-08,0.06914139
2008-12-09,0.62179565
2008-12-10,0.008583069
2008-12-11,0.0019073486
2008-12-12,0.02193451
2008-12-13,0.0009536743
2008-12-14,0.7238388
2008-12-15,0.26798248
2008-12-16,0.078201294
2008-12-17,0.014305115
2008-12-18,0.0
2008-12-19,0.032901764
2008-12-20,0.77676773
2008-12-21,0.06818771
2008-12-22,0.00047683716
2008-12-23,0.2374649
2008-12-24,0.019073486
2008-12-25,0.0
2008-12-26,0.054359436
2008-12-27,0.03671646
2008-12-28,0.012874603
2008-12-29,0.041484833
2008-12-30,0.99134445
2008-12-31,0.0
2009-01-01,0.0071525574
2009-01-02,0.00047683716
2009-01-03,0.11634827
2009-01-04,0.33044815
2009-01-05,0.0
2009-01-06,0.0
2009-01-07,0.0047683716
2009-01-08,0.009536743
2009-01-09,0.06341934
2009-01-10,0.0
2009-01-11,0.14352798
2009-01-12,0.34475327
2009-01-13,0.0
2009-01-14,0.21266937
2009-01-15,0.0
2009-01-16,0.0
2009-01-17,0.03194809
2009-01-18,0.12207031
2009-01-19,0.030517578
2009-01-20,0.0038146973
2009-01-21,0.0014305115
2009-01-22,0.0
2009-01-23,0.01335144
2009-01-24,0.0
2009-01-25,0.0
2009-01-26,0.006198883
2009-01-27,0.0
2009-01-28,0.0
2009-01-29,0.06532669
2009-01-30,0.0
2009-01-31,0.0014305115
2009-02-01,0.00047683716
2009-02-02,0.00667572
2009-02-03,0.00047683716
2009-02-04,0.0
2009-02-05,0.0
2009-02-06,0.0
2009-02-07,0.0038146973
2009-02-08,0.00047683716
2009-02-09,0.41913986
2009-02-10,0.8177757
2009-02-11,0.0038146973
2009-02-12,0.0042915344
2009-02-13,0.0009536743
2009-02-14,0.0
2009-02-15,0.0
2009-02-16,0.0
2009-02-17,0.0
2009-02-18,0.13446808
2009-02-19,0.0
2009-02-20,0.0
2009-02-21,0.68569183
2009-02-22,0.008583069
2009-02-23,0.0
2009-02-24,0.0
2009-02-25,0.0
2009-02-26,0.40721893
2009-02-27,0.0104904175
2009-02-28,0.0
2009-03-01,0.0
2009-03-02,0.0
2009-03-03,0.0
2009-03-04,0.0
2009-03-05,0.00333786
2009-03-06,0.0009536743
2009-03-07,0.0
2009-03-08,0.6184578
2009-03-09,0.0
2009-03-10,0.45681
2009-03-11,0.035762787
2009-03-12,0.0
2009-03-13,0.0
2009-03-14,0.0
2009-03-15,0.0
2009-03-16,0.0
2009-03-17,0.0
2009-03-18,0.0
2009-03-19,0.0
2009-03-20,0.0
2009-03-21,0.0
2009-03-22,0.0
2009-03-23,0.5350113
2009-03-24,2.2420883
2009-03-25,0.0
2009-03-26,0.0
2009-03-27,0.0
2009-03-28,0.0
2009-03-29,0.0
2009-03-30,0.0
2009-03-31,0.10442734
2009-04-01,0.2641678
2009-04-02,0.0
2009-04-03,0.0
2009-04-04,0.0
2009-04-05,0.3581047
2009-04-06,0.0009536743
2009-04-07,0.0
2009-04-08,0.0
2009-04-09,0.0
2009-04-10,0.0
2009-04-11,0.0
2009-04-12,0.0
2009-04-13,0.0
2009-04-14,0.0
2009-04-15,0.0
2009-04-16,0.0
2009-04-17,0.0
2009-04-18,0.0
2009-04-19,0.5950928
2009-04-20,0.07867813
2009-04-21,0.0
2009-04-22,0.0
2009-04-23,0.11014938
2009-04-24,0.0
2009-04-25,0.0038146973
2009-04-26,2.6044846
2009-04-27,0.076293945
2009-04-28,0.0
2009-04-29,0.0
2009-04-30,0.1449585
2009-05-01,0.027179718
2009-05-02,0.00047683716
2009-05-03,0.0
2009-05-04,0.0
2009-05-05,0.15449524
2009-05-06,0.057697296
2009-05-07,0.0
2009-05-08,0.0
2009-05-09,0.00047683716
2009-05-10,0.35190582
2009-05-11,0.00047683716
2009-05-12,0.0
2009-05-13,0.11920929
2009-05-14,0.0
2009-05-15,0.0
2009-05-16,0.0
2009-05-17,0.0
2009-05-18,0.0
2009-05-19,0.0
2009-05-20,0.0
2009-05-21,0.0
2009-05-22,0.0
2009-05-23,0.024795532
2009-05-24,0.0
2009-05-25,0.0
2009-05-26,0.00047683716
2009-05-27,0.012397766
2009-05-28,0.0
2009-05-29,0.009059906
2009-05-30,2.275467
2009-05-31,0.04339218
2009-06-01,0.0
2009-06-02,0.0
2009-06-03,0.0
2009-06-04,0.0
2009-06-05,0.0
2009-06-06,1.8310547
2009-06-07,0.08106232
2009-06-08,1.2559891
2009-06-09,0.00047683716
2009-06-10,0.05531311
2009-06-11,0.0
2009-06-12,0.0
2009-06-13,0.0
2009-06-14,0.0
2009-06-15,0.0
2009-06-16,0.8597374
2009-06-17,0.01335144
2009-06-18,0.39291382
2009-06-19,0.0019073486
2009-06-20,0.0
2009-06-21,1.6531944
2009-06-22,0.015258789
2009-06-23,0.0
2009-06-24,0.0
2009-06-25,1.8539429
2009-06-26,0.0
2009-06-27,0.28324127
2009-06-28,0.0
2009-06-29,0.05054474
2009-06-30,0.0
2009-07-01,0.0014305115
2009-07-02,0.0
2009-07-03,0.00047683716
2009-07-04,0.10633469
2009-07-05,0.0
2009-07-06,0.0
2009-07-07,0.0
2009-07-08,0.40483475
2009-07-09,0.0
2009-07-10,0.57315826
2009-07-11,0.0
2009-07-12,0.00047683716
2009-07-13,0.0
2009-07-14,0.019550323
2009-07-15,0.015735626
2009-07-16,0.0
2009-07-17,0.02002716
2009-07-18,0.02193451
2009-07-19,0.0
2009-07-20,0.0
2009-07-21,0.22411346
2009-07-22,0.04053116
2009-07-23,0.0
2009-07-24,0.08869171
2009-07-25,0.08583069
2009-07-26,0.024795532
2009-07-27,0.016212463
2009-07-28,0.0
2009-07-29,0.0
2009-07-30,0.06866455
2009-07-31,0.010967255
2009-08-01,1.8954277
2009-08-02,0.0
2009-08-03,0.0
2009-08-04,0.0
2009-08-05,0.0
2009-08-06,0.0
2009-08-07,1.3656616
2009-08-08,13.637543
2009-08-09,0.011444092
2009-08-10,0.029563904
2009-08-11,0.0
2009-08-12,0.00047683716
2009-08-13,0.0
2009-08-14,0.0
2009-08-15,0.0
2009-08-16,0.9355545
2009-08-17,0.0
2009-08-18,0.0
2009-08-19,1.3813972
2009-08-20,1.0375977
2009-08-21,0.102996826
2009-08-22,0.0
2009-08-23,0.0
2009-08-24,0.0
2009-08-25,0.20074844
2009-08-26,0.0
2009-08-27,0.0
2009-08-28,0.019073486
2009-08-29,0.0
2009-08-30,0.0
2009-08-31,0.0
2009-09-01,0.0
2009-09-02,0.0
2009-09-03,0.0
2009-09-04,0.0
2009-09-05,0.0
2009-09-06,0.0
2009-09-07,0.0009536743
2009-09-08,0.0
2009-09-09,0.0023841858
2009-09-10,0.0
2009-09-11,0.17738342
2009-09-12,0.0076293945
2009-09-13,0.061035156
2009-09-14,0.0
2009-09-15,0.0
2009-09-16,0.0
2009-09-17,0.0
2009-09-18,0.079631805
2009-09-19,0.0042915344
2009-09-20,0.0052452087
2009-09-21,0.0019073486
2009-09-22,1.206398
2009-09-23,0.022888184
2009-09-24,0.0
2009-09-25,1.1134148
2009-09-26,0.012397766
2009-09-27,0.0
2009-09-28,0.011920929
2009-09-29,0.0
2009-09-30,0.0
2009-10-01,1.9440651
2009-10-02,1.6717911
2009-10-03,0.19598007
2009-10-04,0.1821518
2009-10-05,0.05865097
2009-10-06,3.211975
2009-10-07,0.0
2009-10-08,0.0
2009-10-09,0.0
2009-10-10,0.0038146973
2009-10-11,0.0
2009-10-12,0.35524368
2009-10-13,0.0
2009-10-14,0.0052452087
2009-10-15,1.2578964
2009-10-16,0.20503998
2009-10-17,0.0
2009-10-18,0.0
2009-10-19,0.0
2009-10-20,0.08773804
2009-10-21,0.64849854
2009-10-22,0.09918213
2009-10-23,1.4019012
2009-10-24,0.0
2009-10-25,0.25224686
2009-10-26,0.06866455
2009-10-27,0.0
2009-10-28,0.002861023
2009-10-29,1.2893677
2009-10-30,0.0872612
2009-10-31,0.17213821
2009-11-01,0.0
2009-11-02,0.0
2009-11-03,0.0
2009-11-04,0.11110306
2009-11-05,0.0
2009-11-06,0.0
2009-11-07,0.0
2009-11-08,0.0
2009-11-09,0.0
2009-11-10,0.0
2009-11-11,0.0
2009-11-12,0.0
2009-11-13,0.044822693
2009-11-14,0.06198883
2009-11-15,0.0
2009-11-16,0.0
2009-11-17,0.0
2009-11-18,0.0
2009-11-19,0.15640259
2009-11-20,0.0009536743
2009-11-21,0.0
2009-11-22,0.029087067
2009-11-23,0.18882751
2009-11-24,0.36287308
2009-11-25,0.34999847
2009-11-26,0.0
2009-11-27,0.0
2009-11-28,0.0
2009-11-29,0.11920929
2009-11-30,0.0
2009-12-01,0.0
2009-12-02,0.0009536743
2009-12-03,0.002861023
2009-12-04,0.02861023
2009-12-05,0.00047683716
2009-12-06,0.0
2009-12-07,0.011444092
2009-12-08,0.049114227
2009-12-09,0.8158684
2009-12-10,0.008106232
2009-12-11,0.0
2009-12-12,0.0
2009-12-13,0.02861023
2009-12-14,0.42819977
2009-12-15,0.0
2009-12-16,0.00047683716
2009-12-17,0.0
2009-12-18,0.0
2009-12-19,0.008583069
2009-12-20,0.08440018
2009-12-21,0.014305115
2009-12-22,0.2822876
2009-12-23,0.16260147
2009-12-24,1.1920929
2009-12-25,1.718998
2009-12-26,1.2578964
2009-12-27,0.0042915344
2009-12-28,0.0019073486
2009-12-29,0.0
2009-12-30,0.187397
2009-12-31,0.006198883
2010-01-01,0.0019073486
2010-01-02,0.0
2010-01-03,0.0
2010-01-04,0.0
2010-01-05,0.0
2010-01-06,0.0
2010-01-07,0.28276443
2010-01-08,0.0
2010-01-09,0.0
2010-01-10,0.0
2010-01-11,0.0
2010-01-12,0.0047683716
2010-01-13,0.002861023
2010-01-14,0.0014305115
2010-01-15,0.00047683716
2010-01-16,0.0
2010-01-17,0.00047683716
2010-01-18,0.0
2010-01-19,0.008583069
2010-01-20,0.0
2010-01-21,0.16832352
2010-01-22,0.102996826
2010-01-23,1.0504723
2010-01-24,0.47016144
2010-01-25,0.16403198
2010-01-26,0.02002716
2010-01-27,0.0
2010-01-28,0.00047683716
2010-01-29,0.0
2010-01-30,0.0
2010-01-31,0.0
2010-02-01,0.1540184
2010-02-02,0.24223328
2010-02-03,0.0009536743
2010-02-04,0.079631805
2010-02-05,0.41866302
2010-02-06,0.00333786
2010-02-07,0.04339218
2010-02-08,0.5764961
2010-02-09,0.22268295
2010-02-10,0.0
2010-02-11,0.0
2010-02-12,0.014781952
2010-02-13,0.00047683716
2010-02-14,0.0
2010-02-15,0.062942505
2010-02-16,0.0
2010-02-17,0.0
2010-02-18,0.0
2010-02-19,0.0
2010-02-20,0.002861023
2010-02-21,0.0
2010-02-22,0.0009536743
2010-02-23,0.072956085
2010-02-24,0.0
2010-02-25,0.0
2010-02-26,0.0
2010-02-27,0.0
2010-02-28,0.0
2010-03-01,0.0
2010-03-02,0.0
2010-03-03,0.0
2010-03-04,0.0
2010-03-05,0.0
2010-03-06,0.0
2010-03-07,0.051021576
2010-03-08,0.0
2010-03-09,0.0
2010-03-10,0.7019043
2010-03-11,0.9665489
2010-03-12,0.1077652
2010-03-13,0.012397766
2010-03-14,0.0052452087
2010-03-15,0.19550323
2010-03-16,0.19264221
2010-03-17,0.0
2010-03-18,0.0
2010-03-19,0.12540817
2010-03-20,0.0
2010-03-21,0.0
2010-03-22,0.0
2010-03-23,0.0
2010-03-24,0.0
2010-03-25,0.0
2010-03-26,0.0
2010-03-27,0.0
2010-03-28,0.05531311
2010-03-29,0.0
2010-03-30,0.0
2010-03-31,0.0
2010-04-01,0.0
2010-04-02,0.7791519
2010-04-03,0.0
2010-04-04,0.4043579
2010-04-05,0.0042915344
2010-04-06,0.116825104
2010-04-07,0.0
2010-04-08,0.0
2010-04-09,0.0
2010-04-10,0.0
2010-04-11,0.0
2010-04-12,0.17118454
2010-04-13,1.3141632
2010-04-14,0.37050247
2010-04-15,0.52022934
2010-04-16,0.0
2010-04-17,0.0
2010-04-18,0.0
2010-04-19,0.0
2010-04-20,0.0
2010-04-21,0.0
2010-04-22,0.0
2010-04-23,0.0
2010-04-24,1.0585785
2010-04-25,0.11253357
2010-04-26,0.0
2010-04-27,0.0
2010-04-28,0.0
2010-04-29,0.0
2010-04-30,0.38290024
2010-05-01,0.037670135
2010-05-02,0.00667572
2010-05-03,0.11777878
2010-05-04,0.0
2010-05-05,0.25749207
2010-05-06,0.00047683716
2010-05-07,1.1744499
2010-05-08,0.24557114
2010-05-09,0.0
2010-05-10,0.0
2010-05-11,2.5024414
2010-05-12,0.005722046
2010-05-13,1.4343262
2010-05-14,0.00047683716
2010-05-15,0.0
2010-05-16,0.0
2010-05-17,0.0
2010-05-18,0.0
2010-05-19,0.0
2010-05-20,0.0
2010-05-21,0.071525574
2010-05-22,0.0
2010-05-23,0.071525574
2010-05-24,0.00047683716
2010-05-25,0.039577484
2010-05-26,0.1244545
2010-05-27,0.0
2010-05-28,0.0
2010-05-29,0.0
2010-05-30,0.04339218
2010-05-31,0.0
2010-06-01,0.081539154
2010-06-02,0.0
2010-06-03,0.0
2010-06-04,1.1229515
2010-06-05,0.26798248
2010-06-06,0.09727478
2010-06-07,0.015258789
2010-06-08,1.2607574
2010-06-09,0.00047683716
2010-06-10,0.034809113
2010-06-11,1.8424988
2010-06-12,1.0070801
2010-06-13,0.008583069
2010-06-14,1.1301041
2010-06-15,0.6966591
2010-06-16,0.012397766
2010-06-17,0.0
2010-06-18,0.57315826
2010-06-19,0.01859665
2010-06-20,0.0
2010-06-21,0.5412102
2010-06-22,0.0
2010-06-23,0.3848076
2010-06-24,0.0
2010-06-25,0.0009536743
2010-06-26,0.11348724
2010-06-27,4.6277046
2010-06-28,0.012874603
2010-06-29,0.0
2010-06-30,0.0
2010-07-01,0.0
2010-07-02,0.0
2010-07-03,0.0
2010-07-04,0.13780594
2010-07-05,0.02193451
2010-07-06,1.4362335
2010-07-07,0.08773804
2010-07-08,0.0
2010-07-09,0.0
2010-07-10,0.0076293945
2010-07-11,0.21648407
2010-07-12,0.0
2010-07-13,0.0
2010-07-14,0.08916855
2010-07-15,0.0
2010-07-16,0.0
2010-07-17,0.06437302
2010-07-18,0.00047683716
2010-07-19,0.0
2010-07-20,0.048160553
2010-07-21,0.0
2010-07-22,0.5044937
2010-07-23,0.0
2010-07-24,0.65374374
2010-07-25,0.0
2010-07-26,0.0
2010-07-27,0.0
2010-07-28,0.6351471
2010-07-29,0.0
2010-07-30,0.33950806
2010-07-31,0.16880035
2010-08-01,0.032424927
2010-08-02,0.53167343
2010-08-03,0.0
2010-08-04,0.0
2010-08-05,0.0
2010-08-06,0.0
2010-08-07,0.002861023
2010-08-08,0.15449524
2010-08-09,0.0
2010-08-10,0.0
2010-08-11,0.08249283
2010-08-12,0.03528595
2010-08-13,0.009059906
2010-08-14,0.0052452087
2010-08-15,0.0
2010-08-16,0.010967255
2010-08-17,0.0
2010-08-18,0.0
2010-08-19,0.04386902
2010-08-20,0.044345856
2010-08-21,0.027656555
2010-08-22,0.0
2010-08-23,0.0
2010-08-24,0.8354187
2010-08-25,0.0
2010-08-26,0.0
2010-08-27,0.0
2010-08-28,0.0
2010-08-29,0.0
2010-08-30,0.0
2010-08-31,0.11539459
2010-09-01,0.0
2010-09-02,0.04339218
2010-09-03,0.09346008
2010-09-04,0.0
2010-09-05,0.0
2010-09-06,0.0
2010-09-07,0.0
2010-09-08,0.0
2010-09-09,0.2617836
2010-09-10,0.0
2010-09-11,0.43678284
2010-09-12,0.0
2010-09-13,0.0
2010-09-14,0.39625168
2010-09-15,0.023841858
2010-09-16,1.8224716
2010-09-17,0.0038146973
2010-09-18,0.02527237
2010-09-19,0.0
2010-09-20,0.019073486
2010-09-21,3.6740303
2010-09-22,0.0
2010-09-23,12.956619
2010-09-24,0.024795532
2010-09-25,0.00047683716
2010-09-26,0.0
2010-09-27,0.0
2010-09-28,0.0
2010-09-29,0.44345856
2010-09-30,0.0
2010-10-01,0.33044815
2010-10-02,0.06055832
2010-10-03,0.0
2010-10-04,0.0
2010-10-05,0.0
2010-10-06,0.0
2010-10-07,0.0
2010-10-08,0.0
2010-10-09,0.0
2010-10-10,0.0
2010-10-11,0.0
2010-10-12,0.00047683716
2010-10-13,0.0047683716
2010-10-14,0.0
2010-10-15,0.0
2010-10-16,0.0
2010-10-17,0.0
2010-10-18,0.4043579
2010-10-19,0.0
2010-10-20,0.0
2010-10-21,0.0
2010-10-22,0.0
2010-10-23,0.18024445
2010-10-24,0.688076
2010-10-25,0.019073486
2010-10-26,4.5843124
2010-10-27,0.47588348
2010-10-28,0.0019073486
2010-10-29,0.0
2010-10-30,0.0
2010-10-31,0.0
2010-11-01,0.0
2010-11-02,0.0
2010-11-03,0.0
2010-11-04,0.059604645
2010-11-05,0.0
2010-11-06,0.0
2010-11-07,0.0
2010-11-08,0.0
2010-11-09,0.0
2010-11-10,0.0
2010-11-11,0.00047683716
2010-11-12,0.032901764
2010-11-13,2.4313927
2010-11-14,0.26464462
2010-11-15,0.0019073486
2010-11-16,0.016212463
2010-11-17,0.0
2010-11-18,0.0019073486
2010-11-19,0.0
2010-11-20,0.0
2010-11-21,0.27036667
2010-11-22,0.28944016
2010-11-23,0.0
2010-11-24,0.22268295
2010-11-25,0.05054474
2010-11-26,0.00047683716
2010-11-27,0.0
2010-11-28,0.0
2010-11-29,0.4582405
2010-11-30,0.7247925
2010-12-01,0.02527237
2010-12-02,0.0023841858
2010-12-03,0.04386902
2010-12-04,0.60892105
2010-12-05,0.008583069
2010-12-06,0.018119812
2010-12-07,0.00047683716
2010-12-08,0.00047683716
2010-12-09,0.0166893
2010-12-10,0.0009536743
2010-12-11,3.35598
2010-12-12,0.00047683716
2010-12-13,0.0
2010-12-14,0.0
2010-12-15,0.00047683716
2010-12-16,0.3142357
2010-12-17,0.0023841858
2010-12-18,0.005722046
2010-12-19,0.0052452087
2010-12-20,0.4067421
2010-12-21,0.24223328
2010-12-22,0.0023841858
2010-12-23,0.011205673
2010-12-24,0.6518364
2010-12-25,0.03194809
2010-12-26,0.0014305115
2010-12-27,0.00667572
2010-12-28,0.0
2010-12-29,0.0
2010-12-30,1.7533302
2010-12-31,0.0009536743
2011-01-01,0.0
